"Valid taxon;;;""absolute fecundity (no. oocytes)"";;;""acid tolerance"";""body length (cm)"";;;""climate change affected species according to <a href=""""http://www.climate-and-freshwater.info"""" target=""""_blank"""">www.climate-and-freshwater.info</a> (caf)"";;;;;;;;;;;""egg diameter (mm)"";;;""feeding diet (adult)"";""feeding habitat"";""female maturity (years)"";;;;;habitat;;;""habitat (fiBS)"";;;""habitat degradation tolerance"";""HD threat"";""incubation period (days)"";;;""larval length (cm)"";;;""larval stage duration (days)"";;;""length weight regression"";""life span (years)"";;;migration;""migration (fiBS)"";;;;""oxygen tolerance"";""parental care"";""relative fecundity (no. oocytes/g)"";;;""reproduction (fiBS)"";;;;;;;;;""reproduction habitat"";""reproductive behaviour"";""rheophily (habitat)"";salinity;;;;;""shape factor"";;;;""spawning habitat"";""spawning time"";;""swimming factor"";;;""temperature tolerance"";""toxicity tolerance"";""trophy (fiBS)"";;;;;;;""water quality tolerance – general"";""Imported file"";",,
"Genus;Species;ID-fwe;fe1;fe2;fe3;""acid tolerance"";bl1;bl2;bl3;""rivers cold"";""rivers temp"";""rivers warm"";""lakes cold"";""lakes temp"";""lakes warm"";""wetlands cold"";""wetlands temp"";""wetlands warm"";""climate change impact"";winner/loser;ed1;ed2;ed3;""feeding diet (adult)"";""feeding habitat"";ma1;ma2;ma3;ma4;ma5;pel;ben;dem;indifferent;rheophil;stagnophil;""habitat degradation tolerance"";""HD threat"";ip1;ip2;ip3;ll1;ll2;ll3;ld1;ld2;ld3;""length weight regressionInfo"";ls1;ls2;ls3;migration;short;medium;long;type;""oxygen tolerance"";""parental care"";fr1;fr2;fr3;lithophilic;litho-pelagophilic;pelagophilic;phytophilic;phyto-lithophilic;psammophilic;ostracophilic;speleophilic;marine;""reproduction habitat"";""reproductive behaviour"";""rheophily (habitat)"";fre;fbr;brm;fbm;fma;sh1;sh2;sh3;sh4;""spawning habitat"";st1;st2;sw1;sw2;sw3;""temperature tolerance"";""toxicity tolerance"";""filter feeder"";herbivorous;inverti-piscivorous;invertivorous;omnivorous;piscivorous;planktivorous;""water quality tolerance – general"";genus;species",,
Acipenser;baerii;759;0;0;1;;0;0;1;;;;;;;;;;;;0;0;1;invert;ben;0;0;0;0;1;0;0;1;;;;;V;0;1;0;0;0;1;;;;;0;0;1;pot;;;;;;no;1;0;0;;;;;;;;;;lith;;rheo;0;1;0;0;0;;;;;rheo;1;0;;;;eury;;;;;;;;;;Acipenser;baerii,,
Acipenser;gueldenstaedtii;420;0;0;1;intol;0;0;1;;;;;;;;;;;;0;0;1;omni;ben;0;0;0;0;1;0;0;1;;;;im;V;1;0;0;0;0;1;;;;;0;0;1;dia;;;;;im;no;0;1;0;;;;;;;;;;lithpel;sin;rheo;0;0;0;1;0;0;0;0;1;rheo;1;0;1;0;0;eury;im;;;;;;;;tol;Acipenser;gueldenstaedtii,,
Acipenser;naccarii;329;;;;intol;0;0;1;;;;;;;;;;;;;;;invert;ben;0;0;0;0;1;0;0;1;;;;im;;0;1;0;;;;1;0;0;;1;0;0;dia;;;;;im;no;;;;;;;;;;;;;;sin;eury;0;0;0;1;0;;;;;rheo;1;0;;;;eury;im;;;;;;;;im;Acipenser;naccarii,,
Acipenser;nudiventris;370;0;0;1;intol;0;0;1;;;;;;;;;;;;0;0;1;omni;ben;0;0;0;0;1;0;0;1;;;;im;V;1;0;0;;;;;;;;0;0;1;dia;;;;;im;no;;;;;;;;;;;;;lithpel;sin;rheo;0;0;0;1;0;;;;;rheo;1;0;;;;eury;im;;;;;;;;tol;Acipenser;nudiventris,,
Acipenser;ruthenus;213;0;0;1;intol;0;0;1;;;;;;;;;;;;0;0;1;invert;ben;0;0;0;0;1;0;0;1;;;;im;V;1;0;0;;;;;;;0,000009*(x^2,"9615);0;0;1;pot;;;;;im;no;;;;;;;;;;;;;lithpel;sin;""rheo A"";0;1;0;0;0;0;0;0;1;rheo;1;0;1;0;0;eury;im;;;;;;;;tol;Acipenser;ruthenus"
Acipenser;stellatus;371;0;0;1;intol;0;0;1;;;;;;;;;;;;0;0;1;omni;ben;0;0;0;0;1;0;0;1;;;;im;V;1;0;0;;;;;;;;0;0;1;dia;;;;;im;no;1;0;0;;;;;;;;;;lithpel;sin;rheo;0;0;0;1;0;;;;;rheo;1;0;;;;eury;im;;;;;;;;tol;Acipenser;stellatus,,
Acipenser;sturio;214;0;0;1;intol;0;0;1;;;;;;;;;;;;0;0;1;invert;ben;0;0;0;0;1;0;0;1;0;1;0;intol;II;1;0;0;;;;;;;;0;0;1;dia;0;0;1;ana;im;no;1;0;0;1;0;0;0;0;0;0;0;0;lith;sin;rheo;0;0;0;1;0;0;0;0;1;rheo;1;0;1;0;0;eury;im;0;0;0;1;0;0;0;im;Acipenser;sturio,,
Huso;huso;334;0;0;1;intol;0;0;1;;;;;;;;;;;;0;0;1;pisci;ben;0;0;0;0;1;0;0;1;;;;im;V;0;1;0;;;;;;;;0;0;1;dia;;;;;intol;no;1;0;0;;;;;;;;;;lithpel;sin;limno;0;0;0;1;0;;;;;rheo;1;0;;;;eury;intol;;;;;;;;tol;Huso;huso,,
Polyodon;spathula;544;;;;intol;;;;;;;;;;;;;;;;;;plankt;wc;;;;;;;;;;;;tol;;;;;;;;;;;;;;;;;;;;intol;no;;;;;;;;;;;;;;sin;rheo;;;;;;;;;;rheo;;;;;;eury;;;;;;;;;tol;Polyodon;spathula,,
Anguilla;anguilla;222;0;0;1;tol;0;0;1;;;;;;;;;;;;1;0;0;omni;ben;0;0;0;0;1;0;0;1;1;0;0;tol;;;;;1;0;0;;;;;0;0;1;dia;0;0;1;cata;tol;no;0;0;1;0;0;0;0;0;0;0;0;1;pel;sin;eury;0;0;0;1;0;0;0;0;1;limno;1;0;0;0;1;eury;tol;0;0;1;0;0;0;0;tol;Anguilla;anguilla,,
Atherina;boyeri;224;1;0;0;im;1;0;0;;;;;;;;;;;;0;1;0;plankt;wc;1;0;0;0;0;0;0;1;;;;im;;;;;;;;;;;;1;0;0;dia;;;;;im;no;;;;;;;;;;;;;;pro;limno;0;0;0;1;0;0;0;0;1;limno;0;1;0;1;0;eury;im;;;;;;;;im;Atherina;boyeri,,
Atherina;hepsetus;447;;;;;;;;;;;;;;;;;;;;;;;;;;;;;;;;;;;;;;;;;;;;;;;;;;;;;;;;;;;;;;;;;;;;;;;;;;;;;;;;;;;;;;;;;;;;;;;;;Atherina;hepsetus,,
Alosa;alosa;217;0;0;1;intol;0;0;1;;;;;;;;;;;;0;1;0;plankt;wc;0;0;0;0;1;1;0;0;0;1;0;intol;;1;0;0;0;0;1;1;0;0;;0;1;0;dia;0;0;1;ana;intol;no;0;1;0;1;0;0;0;0;0;0;0;0;;sin;rheo;0;0;0;1;0;0;0;0;1;rheo;1;0;1;0;0;eury;intol;0;0;0;0;0;0;1;intol;Alosa;alosa,,
Alosa;fallax;218;0;0;1;intol;0;0;1;;;;;;;;;;;;1;0;0;plankt;wc;0;0;0;0;1;1;0;0;0;1;0;im;;1;0;0;0;1;0;;;;;0;1;0;dia;0;1;0;ana;intol;no;0;1;0;0;0;0;0;0;1;0;0;0;;sin;rheo;1;0;0;0;0;0;1;0;0;rheo;1;0;1;0;0;eury;im;0;0;0;0;0;0;1;intol;Alosa;fallax,,
Alosa;immaculata;443;0;0;1;;0;1;0;;;;;;;;;;;;;;;;wc;1;0;0;0;0;1;0;0;;;;;;;;;;;;;;;;1;0;0;dia;;;;;;;0;0;1;;;;;;;;;;;;limno;0;0;0;1;0;;;;;;0;1;;;;;;;;;;;;;;Alosa;immaculata,,
Alosa;tanaica;375;;;;;1;0;0;;;;;;;;;;;;;;;;;1;0;0;0;0;1;0;0;;;;;;;;;;;;;;;;1;0;0;dia;;;;;;no;;;;;;;;;;;;;;;limno;0;0;0;1;0;;;;;;;;;;;;;;;;;;;;;Alosa;tanaica,,
Clupeonella;cultriventris;809;1;0;0;intol;1;0;0;;;;;;;;;;;;;;;plankt;wc;0;1;0;0;0;1;0;0;;;;;;1;0;0;;;;;;;;1;0;0;dia;;;;;tol;no;;;;;;;;;;;;;;;eury;0;0;0;1;0;;;;;;1;0;;;;eury;;;;;;;;;tol;Clupeonella;cultriventris,,
Cobitis;bilineata;471;;;;;;;;;;;;;;;;;;;;;;;;;;;;;;;;;;;;;;;;;;;;;;;;;;;;;;;;;;;;;;;;;;;;;;;;;;;;;;;;;;;;;;;;;;;;;;;;;Cobitis;bilineata,,
Cobitis;elongata;382;;;;intol;1;0;0;;;;;;;;;;;;;;;;ben;1;0;0;0;0;0;1;0;;;;;;;;;;;;;;;;1;0;0;;;;;;tol;no;;;;;;;;;;;;;;;rheo;1;0;0;0;0;;;;;eury;1;0;;;;eury;;;;;;;;;tol;Cobitis;elongata,,
"Cobitis;elongatoides;383;;;;intol;;;;;;;;;;;;;;;;;;invert;ben;;;;;;0;0;1;0;1;0;tol;II;;;;;;;;;;;;;;nom;1;0;0;;im;no;;;;0;0;0;1;0;0;0;0;0;psam;fra;""rheo A"";1;0;0;0;0;;;;;eury;;;;;;eury;;0;0;0;1;0;0;0;im;Cobitis;elongatoides",,
Cobitis;strumicae;481;;;;;;;;;;;;;;;;;;;;;;;;;;;;;;;;;;;;;;;;;;;;;;;;;;;;;;;;;;;;;;;;;;;;;;;;;;;;;;;;;;;;;;;;;;;;;;;;;Cobitis;strumicae,,
Cobitis;taenia;236;1;0;0;intol;1;0;0;;;;;;;;;;;;1;0;0;invert;ben;0;1;0;0;0;0;1;0;0;1;0;im;;0;1;0;;;;;;;;0;1;0;pot;1;0;0;;im;no;;;;0;0;0;1;0;0;0;0;0;;fra;rheo;1;0;0;0;0;0;0;0;1;eury;0;1;0;0;1;eury;im;0;0;0;1;0;0;0;im;Cobitis;taenia,,
Misgurnus;anguillicaudatus;365;1;0;0;im;0;1;0;;;;;;;;;;;;1;0;0;invert;ben;0;1;0;0;0;0;0;1;;;;tol;;;;;;;;;;;;0;1;0;;;;;;tol;no;;;;;;;;;;;;;;sin;eury;1;0;0;0;0;;;;;limno;1;0;;;;eury;;;;;;;;;tol;Misgurnus;anguillicaudatus,,
Misgurnus;fossilis;264;0;0;1;tol;0;1;0;;;;;;;;;;;;0;1;0;invert;ben;;;;;;0;0;1;0;0;1;intol;II;0;1;0;;;;1;0;0;0,000007*(x^3,0943);;;;nom;1;0;0;;tol;no;0;0;1;0;0;0;1;0;0;0;0;0;phy;sin;limno;1;0;0;0;0;0;0;0;1;limno;;;0;0;1;eury;tol;0;0;0;1;0;0;0;tol;Misgurnus;fossilis
"Sabanejewia;balcanica;410;;;;im;1;0;0;;;;;;;;;;;;;;;invert;ben;;;;;;0;0;1;0;1;0;intol;II;;;;;;;;;;;;;;nom;1;0;0;;intol;no;;;;0;0;0;1;0;0;0;0;0;phylith;fra;""rheo B"";1;0;0;0;0;;;;;eury;1;0;;;;eury;im;0;0;0;1;0;0;0;im;Sabanejewia;balcanica",,
Sabanejewia;baltica;560;;;;;;;;;;;;;;;;;;;;;;;;;;;;;;;;;;;;;;;;;;;;;;;;;;;;;;;;;;;;;;;;;;;;;;;;;;;;;;;;;;;;;;;;;;;;;;;;;Sabanejewia;baltica,,
Sabanejewia;larvata;561;;;;;;;;;;;;;;;;;;;;;;invert;ben;;;;;;;;;;;;intol;;;;;;;;;;;;;;;;;;;;im;no;;;;;;;;;;;;;;sin;eury;;;;;;;;;;limno;;;;;;steno;intol;;;;;;;;im;Sabanejewia;larvata,,
"Abramis;brama;210;0;0;1;intol;0;0;1;;;;;;;;;;;;0;1;0;omni;ben;0;0;0;1;0;0;1;0;1;0;0;tol;;0;1;0;0;1;0;;;;;0;0;1;pot;1;0;0;;tol;no;1;0;0;0;0;0;0;1;0;0;0;0;phylith;sin;""rheo B"";0;1;0;0;0;1;0;0;0;eury;1;0;1;0;0;eury;tol;0;0;0;0;1;0;0;tol;Abramis;brama",,
Alburnoides;bipunctatus;215;1;0;0;intol;1;0;0;;;;;;;;;;;;0;0;1;invert;wc;0;1;0;0;0;0;1;0;0;1;0;intol;;0;1;0;;;;;;;0,00001*(x^3,"0125);1;0;0;pot;1;0;0;;intol;no;0;1;0;1;0;0;0;0;0;0;0;0;lith;fra;""rheo A"";0;1;0;0;0;1;0;0;0;rheo;0;1;1;0;0;steno;im;0;0;0;1;0;0;0;intol;Alburnoides;bipunctatus"
Alburnus;alburnus;216;0;1;0;tol;1;0;0;;;;;;;;;;;;0;1;0;omni;wc;0;1;0;0;0;0;1;0;1;0;0;tol;;0;0;1;0;1;0;;;;;1;0;0;pot;1;0;0;;im;no;0;0;1;0;0;0;0;1;0;0;0;0;phylith;fra;eury;0;1;0;0;0;0;0;1;0;eury;0;1;1;0;0;eury;im;0;0;0;0;1;0;0;tol;Alburnus;alburnus,,
Alburnus;arborella;585;;;;;;;;;;;;;;;;;;;;;;;;;;;;;;;;;;;;;;;;;;;;;;;;;;;;;;;;;;;;;;;;;;;;;;;;;;;;;;;;;;;;;;;;;;;;;;;;;Alburnus;arborella,,
"Ballerus;ballerus;369;1;0;0;intol;0;1;0;;;;;;;;;;;;;;;planct;wc;0;0;0;1;0;0;1;0;0;1;0;;;0;1;0;;;;;;;;0;1;0;pot;1;0;0;;im;no;;;;0;0;0;0;1;0;0;0;0;lith;;""rheo B"";0;1;0;0;0;;;;;eury;1;0;;;;eury;im;0;0;0;1;0;0;0;tol;Ballerus;ballerus",,
Ballerus;sapa;211;0;1;0;intol;0;1;0;;;;;;;;;;;;;;;invert;ben;0;0;0;0;1;0;1;0;0;1;0;;;;;;;;;;;;0,000004*(x^3,"1895);0;1;0;pot;1;0;0;;tol;no;;;;1;0;0;0;0;0;0;0;0;lith;;""rheo B"";0;1;0;0;0;1;0;0;0;rheo;1;0;1;0;0;eury;tol;0;0;0;1;0;0;0;tol;Ballerus;sapa"
"Barbus;balcanicus;376;;;;;;;;;;;;;;;;;;;;;;invert;;;;;;;0;1;0;;;;;II;;;;;;;;;;;;;;pot;;;;;;no;;;;;;;;;;;;;lith;;""rheo A"";1;0;0;0;0;;;;;rheo;;;;;;eury;;;;;;;;;;Barbus;balcanicus",,
"Barbus;barbus;227;1;0;0;intol;0;0;1;;;;;;;;;;;;0;1;0;invert;ben;0;0;0;0;1;0;1;0;0;1;0;intol;V;0;1;0;0;0;1;;;;;0;0;1;pot;0;1;0;;im;no;;;;1;0;0;0;0;0;0;0;0;lith;fra;""rheo A"";1;0;0;0;0;0;0;1;0;rheo;1;0;1;0;0;eury;im;0;0;0;1;0;0;0;intol;Barbus;barbus",,
"Barbus;meridionalis;228;;;;intol;0;1;0;0;0;1;0;0;0;0;0;0;""toxic substances"";loser;;;;invert;ben;;;;;;0;1;0;;;;intol;;;;;;;;;;;;1;0;0;nom;;;;;im;no;;;;;;;;;;;;;;sin;rheo;1;0;0;0;0;0;1;0;0;rheo;0;1;0;1;0;eury;intol;;;;;;;;intol;Barbus;meridionalis",,
Barbus;peloponnesius;378;;;;intol;1;0;0;;;;;;;;;;;;;;;invert;ben;1;0;0;0;0;0;1;0;;;;intol;;;;;;;;;;;;1;0;0;;;;;;intol;no;;;;;;;;;;;;;;fra;rheo;1;0;0;0;0;;;;;rheo;1;0;;;;eury;im;;;;;;;;im;Barbus;peloponnesius,,
Barbus;plebejus;330;;;;;0;0;1;;;;;;;;;;;;;;;omni;ben;0;0;0;0;1;0;1;0;;;;im;II;;;;;;;;;;;0;0;1;pot;;;;;im;no;;;;;;;;;;;;;lith;sin;rheo;1;0;0;0;0;;;;;rheo;;;;;;eury;im;;;;;;;;im;Barbus;plebejus,,
Blicca;bjoerkna;229;0;1;0;intol;0;1;0;;;;;;;;;;;;1;0;0;omni;ben;0;0;1;0;0;0;0;1;1;0;0;tol;;0;1;0;0;1;0;;;;;1;0;0;pot;1;0;0;;tol;no;0;1;0;0;0;0;1;0;0;0;0;0;phylith;pro;eury;1;0;0;0;0;1;0;0;0;eury;0;1;1;0;0;eury;tol;0;0;0;0;1;0;0;tol;Blicca;bjoerkna,,
Carassius;auratus;230;0;1;0;tol;0;1;0;;;;;;;;;;;;0;1;0;omni;ben;0;0;1;0;0;0;0;1;;;;tol;;1;0;0;1;0;0;;;;;0;0;1;pot;;;;;tol;no;0;1;0;;;;;;;;;;phy;fra;eury;1;0;0;0;0;1;0;0;0;limno;0;1;0;1;0;eury;tol;;;;;;;;tol;Carassius;auratus,,
Carassius;carassius;231;0;0;1;im;0;1;0;;;;;;;;;;;;0;1;0;omni;ben;1;0;0;0;0;0;0;1;0;0;1;tol;;1;0;0;0;1;0;;;;0,00003*(x^2,8133);;;;pot;1;0;0;;tol;no;0;1;0;0;0;0;1;0;0;0;0;0;phy;fra;limno;1;0;0;0;0;1;0;0;0;limno;0;1;0;0;1;eury;tol;0;0;0;0;1;0;0;tol;Carassius;carassius
Carassius;gibelio;232;;;;im;0;1;0;;;;;;;;;;;;1;0;0;omni;ben;;;;;;0;1;0;1;0;0;tol;;;;;;;;;;;0,00001*(x^3,0179);0;1;0;pot;1;0;0;;tol;no;0;1;0;0;0;0;0;1;0;0;0;0;phylith;fra;eury;0;1;0;0;0;1;0;0;0;limno;1;0;0;0;1;eury;tol;0;0;0;0;1;0;0;tol;Carassius;gibelio
Chondrostoma;nasus;234;0;1;0;intol;0;1;0;;;;;;;;;;;;0;0;1;omni;ben;0;0;0;0;1;0;1;0;0;1;0;intol;;0;1;0;;;;;;;0,00004*(x^2,"8721);0;0;1;pot;0;1;0;potamo;intol;no;1;0;0;1;0;0;0;0;0;0;0;0;lith;sin;""rheo A"";1;0;0;0;0;0;1;0;0;rheo;1;0;1;0;0;eury;intol;0;1;0;0;0;0;0;intol;Chondrostoma;nasus"
Chondrostoma;soetta;332;;;;;0;1;0;;;;;;;;;;;;;;;invert;ben;0;0;1;0;0;0;1;0;;;;intol;;;;;;;;;;;;0;1;0;;;;;;im;no;;;;;;;;;;;;;;sin;rheo;1;0;0;0;0;;;;;rheo;;;;;;eury;im;;;;;;;;im;Chondrostoma;soetta,,
Ctenopharyngodon;idella;240;0;0;1;im;0;0;1;;;;;;;;;;;;0;0;1;phyto;wc;0;0;0;0;1;0;0;1;;;;tol;;1;0;0;0;1;0;;;;0,000007*(x^2,9989);0;0;1;pot;;;;;im;no;0;1;0;;;;;;;;;;pel;sin;eury;1;0;0;0;0;0;0;1;0;rheo;1;0;0;1;0;eury;tol;;;;;;;;tol;Ctenopharyngodon;idella
Cyprinus;carpio;241;0;0;1;tol;0;0;1;;;;;;;;;;;;0;1;0;omni;ben;0;0;1;0;0;0;1;0;1;0;0;tol;;1;0;0;0;1;0;1;0;0;;0;0;1;pot;1;0;0;;tol;no;0;1;0;0;0;0;1;0;0;0;0;0;phy;sin;eury;0;1;0;0;0;1;0;0;0;limno;0;1;0;1;0;eury;tol;0;0;0;0;1;0;0;tol;Cyprinus;carpio,,
"Gobio;gobio;247;1;0;0;intol;1;0;0;;;;;;;;;;;;1;0;0;invert;ben;1;0;0;0;0;0;1;0;0;1;0;tol;;0;0;1;0;1;0;;;;;1;0;0;pot;1;0;0;;intol;no;0;0;1;0;0;0;0;0;1;0;0;0;psam;fra;""rheo A"";0;1;0;0;0;0;0;1;0;rheo;0;1;1;0;0;eury;im;0;0;0;1;0;0;0;im;Gobio;gobio",,
Gobio;obtusirostris;887;;;;;;;;;;;;;;;;;;;;;;;;;;;;;;;;;;;;;;;;;;;;;;;;;;;;;;;;;;;;;;;;;;;;;;;;;;;;;;;;;;;;;;;;;;;;;;;;;Gobio;obtusirostris,,
Hypophthalmichthys;molitrix;249;1;0;0;im;0;0;1;;;;;;;;;;;;;;;phyto;wc;;;;;;0;1;0;;;;tol;;1;0;0;;;;;;;;0;1;0;pot;;;;;im;no;0;1;0;;;;;;;;;;pel;fra;eury;0;1;0;0;0;1;0;0;0;rheo;1;0;0;1;0;eury;im;;;;;;;;tol;Hypophthalmichthys;molitrix,,
Hypophthalmichthys;nobilis;250;;;;;0;0;1;;;;;;;;;;;;1;0;0;phyto;wc;0;0;0;0;1;0;1;0;;;;;;1;0;0;;;;;;;;;;;pot;;;;;;no;0;1;0;;;;;;;;;;pel;;eury;1;0;0;0;0;1;0;0;0;rheo;1;0;0;1;0;eury;;;;;;;;;;Hypophthalmichthys;nobilis,,
Leucaspius;delineatus;255;1;0;0;im;1;0;0;;;;;;;;;;;;1;0;0;omni;wc;1;0;0;0;0;1;0;0;0;0;1;im;;1;0;0;0;1;0;0;1;0;0,000007*(x^3,072);1;0;0;pot;1;0;0;;im;prot;0;0;1;0;0;0;1;0;0;0;0;0;phy;fra;limno;0;1;0;0;0;0;0;1;0;limno;0;1;1;0;0;eury;im;0;0;0;0;1;0;0;tol;Leucaspius;delineatus
Leuciscus;burdigalensis;514;;;;;;;;;;;;;;;;;;;;;;;;;;;;;;;;;;;;;;;;;;;;;;;;;;;;;;;;;;;;;;;;;;;;;;;;;;;;;;;;;;;;;;;;;;;;;;;;;Leuciscus;burdigalensis,,
Leuciscus;idus;257;0;0;1;intol;0;1;0;;;;;;;;;;;;0;0;1;omni;wc;0;0;0;1;0;0;1;0;0;1;0;im;;0;0;1;0;1;0;;;;0,00002*(x^2,"8811);0;1;0;pot;1;0;0;;im;no;0;0;1;0;0;0;0;1;0;0;0;0;phylith;sin;""rheo B"";0;1;0;0;0;1;0;0;0;eury;1;0;0;1;0;eury;im;0;0;0;0;1;0;0;im;Leuciscus;idus"
"Leuciscus;leuciscus;258;0;1;0;intol;1;0;0;;;;;;;;;;;;0;1;0;omni;wc;0;1;0;0;0;0;1;0;0;1;0;im;;0;0;1;0;0;1;1;0;0;;0;1;0;nom;1;0;0;;im;no;0;1;0;1;0;0;0;0;0;0;0;0;phylith;sin;""rheo A"";0;1;0;0;0;0;1;0;0;rheo;1;0;0;1;0;eury;im;0;0;0;0;1;0;0;im;Leuciscus;leuciscus",,
Parachondrostoma;toxostoma;235;0;1;0;;0;1;0;;;;;;;;;;;;0;1;0;;ben;0;0;0;1;0;0;1;0;;;;;;0;1;0;;;;;;;;0;1;0;pot;;;;;;;;;;;;;;;;;;;;;rheo;1;0;0;0;0;0;1;0;0;;1;0;0;1;0;;;;;;;;;;;Parachondrostoma;toxostoma,,
"Pelecus;cultratus;401;1;0;0;intol;0;0;1;;;;;;;;;;;;;;;planct;wc;0;0;1;0;0;1;0;0;1;0;0;im;""II V"";1;0;0;;;;;;;0",00002*(x^2,8937);0;1;0;dia;0;1;0;potamo;intol;no;;;;0;0;1;0;0;0;0;0;0;pel;sin;limno;0;1;0;0;0;;;;;limno;1;0;;;;eury;;0;0;0;1;0;0;0;im;Pelecus;cultratus
Petroleuciscus;borysthenicus;403;1;0;0;;0;1;0;;;;;;;;;;;;;;;;ben;0;0;1;0;0;0;1;0;;;;;;;;;;;;;;;;0;1;0;;;;;;;;;;;;;;;;;;;;;;limno;1;0;0;0;0;;;;;;1;0;;;;;;;;;;;;;;Petroleuciscus;borysthenicus,,
Phoxinus;phoxinus;272;1;0;0;intol;1;0;0;;;;;;;;;;;;0;1;0;invert;wc;0;1;0;0;0;0;0;1;0;1;0;intol;;0;1;0;1;0;0;;;;0,0003*(x^2,4107);1;0;0;pot;1;0;0;;intol;no;0;0;1;1;0;0;0;0;0;0;0;0;lith;fra;eury;0;1;0;0;0;0;0;1;0;eury;0;1;1;0;0;steno;im;0;0;0;1;0;0;0;im;Phoxinus;phoxinus
Phoxinus;septimaniae;952;;;;;;;;;;;;;;;;;;;;;;;;;;;;;;;;;;;;;;;;;;;;;;;;;;;;;;;;;;;;;;;;;;;;;;;;;;;;;;;;;;;;;;;;;;;;;;;;;Phoxinus;septimaniae,,
Pimephales;promelas;273;1;0;0;tol;1;0;0;;;;;;;;;;;;0;1;0;omni;ben;1;0;0;0;0;0;0;1;;;;tol;;1;0;0;0;1;0;;;;;1;0;0;;;;;;tol;prot;;;;;;;;;;;;;;fra;limno;1;0;0;0;0;1;0;0;0;limno;1;0;0;0;1;eury;;;;;;;;;tol;Pimephales;promelas,,
Protochondrostoma;genei;331;;;;;1;0;0;;;;;;;;;;;;;;;;ben;0;1;0;0;0;0;1;0;;;;;;;;;;;;;;;;0;1;0;;;;;;;;;;;;;;;;;;;;;;rheo;1;0;0;0;0;;;;;;;;;;;;;;;;;;;;;Protochondrostoma;genei,,
Pseudorasbora;parva;278;1;0;0;intol;1;0;0;;;;;;;;;;;;1;0;0;omni;wc;1;0;0;0;0;0;1;0;1;0;0;tol;;0;1;0;0;1;0;;;;0,00002*(x^2,8006);1;0;0;nom;1;0;0;;tol;prot;1;0;0;0;0;0;0;1;0;0;0;0;phylith;fra;eury;1;0;0;0;0;0;0;1;0;eury;0;1;0;1;0;eury;tol;0;0;0;0;1;0;0;tol;Pseudorasbora;parva
Rhodeus;amarus;353;1;0;0;im;1;0;0;;;;;;;;;;;;;;;omni;wc;0;0;1;0;0;0;1;0;1;0;0;intol;II;;;;;;;;;;0,00002*(x^2,908);1;0;0;nom;1;0;0;;im;prot;;;;0;0;0;0;0;0;1;0;0;ostra;fra;limno;1;0;0;0;0;;;;;limno;1;0;;;;eury;intol;0;0;0;0;1;0;0;intol;Rhodeus;amarus
Rhynchocypris;percnurus;969;;;;;;;;;;;;;;;;;;;;;;;;;;;;;;;;;;;;;;;;;;;;;;;;;;;;;;;;;;;;;;;;;;;;;;;;;;;;;;;;;;;;;;;;;;;;;;;;;Rhynchocypris;percnurus,,
Romanogobio;albipinnatus;246;0;1;0;;1;0;0;;;;;;;;;;;;;;;;ben;;;;;;0;1;0;0;1;0;;;;;;;;;;;;;1;0;0;;1;0;0;;;;;;;0;0;0;0;0;1;0;0;0;;;rheo;1;0;0;0;0;0;0;0;1;;;;1;0;0;;;0;0;0;1;0;0;0;;Romanogobio;albipinnatus,,
Romanogobio;belingi;973;;;;intol;;;;;;;;;;;;;;;;;;invert;ben;;;;;;;;;;;;tol;;;;;;;;;;;;;;;;;;;;intol;no;;;;;;;;;;;;;;fra;rheo;;;;;;;;;;rheo;;;;;;eury;;;;;;;;;im;Romanogobio;belingi,,
Romanogobio;kesslerii;977;;;;;1;0;0;;;;;;;;;;;;;;;invert;;1;0;0;0;0;0;1;0;;;;;II;;;;;;;;;;;1;0;0;;;;;;;;;;;;;;;;;;;;lith;;rheo;1;0;0;0;0;;;;;;;;;;;eury;;;;;;;;;;Romanogobio;kesslerii,,
"Romanogobio;uranoscopus;388;;;;intol;1;0;0;;;;;;;;;;;;;;;invert;ben;1;0;0;0;0;0;1;0;0;1;0;;II;;;;;;;;;;;1;0;0;nom;1;0;0;;intol;no;;;;1;0;0;0;0;0;0;0;0;lith;;""rheo A"";1;0;0;0;0;;;;;rheo;1;0;;;;eury;;0;0;0;1;0;0;0;im;Romanogobio;uranoscopus",,
Romanogobio;vladykovi;981;;;;intol;;;;;;;;;;;;;;;;;;invert;ben;;;;;;;;;;;;im;II;;;;;;;;;;0,00004*(x^2,"8437);;;;;;;;;intol;no;;;;;;;;;;;;;lith;fra;""rheo A"";;;;;;;;;;rheo;;;;;;eury;;;;;;;;;im;Romanogobio;vladykovi"
"Rutilus;meidingeri;983;;;;;0;0;1;;;;;;;;;;;;;;;omni;wc;0;0;0;1;0;0;1;0;0;1;0;;""II V"";;;;;;;;;;;0;0;1;pot;0;1;0;potamo;;;;;;1;0;0;0;0;0;0;0;0;lith;;""rheo B"";1;0;0;0;0;;;;;;;;;;;eury;;0;0;0;1;0;0;0;;Rutilus;meidingeri",,
"Rutilus;pigus;343;1;0;0;intol;0;1;0;;;;;;;;;;;;;;;omni;ben;0;1;0;0;0;0;1;0;;;;im;""II V"";;;;;;;;;;;0;1;0;nom;;;;;intol;no;;;;;;;;;;;;;lith;sin;""rheo A"";1;0;0;0;0;;;;;rheo;1;0;;;;eury;tol;;;;;;;;im;Rutilus;pigus",,
Rutilus;rutilus;281;0;1;0;im;0;1;0;;;;;;;;;;;;1;0;0;omni;wc;0;0;0;1;0;0;1;0;1;0;0;tol;;0;1;0;0;1;0;;;;;0;0;1;pot;1;0;0;;tol;no;0;0;1;0;0;0;0;1;0;0;0;0;phylith;sin;eury;0;1;0;0;0;1;0;0;0;eury;1;0;1;0;0;eury;tol;0;0;0;0;1;0;0;tol;Rutilus;rutilus,,
Rutilus;virgo;986;;;;;;;;;;;;;;;;;;;;;;;;;;;;;;;;0;1;0;;;;;;;;;;;;;;;;;1;0;0;;;;;;;1;0;0;0;0;0;0;0;0;;;;;;;;;;;;;;;;;;;;;0;0;0;1;0;0;0;;Rutilus;virgo,,
Scardinius;erythrophthalmus;291;0;0;1;tol;0;1;0;;;;;;;;;;;;0;1;0;omni;wc;0;1;0;0;0;0;1;0;0;0;1;im;;0;1;0;0;1;0;;;;;0;0;1;pot;1;0;0;;tol;no;0;0;1;0;0;0;1;0;0;0;0;0;phy;fra;limno;0;1;0;0;0;1;0;0;0;limno;1;0;0;1;0;eury;im;0;0;0;0;1;0;0;tol;Scardinius;erythrophthalmus,,
Scardinius;hesperidicus;1047;;;;;;;;;;;;;;;;;;;;;;;;;;;;;;;;;;;;;;;;;;;;;;;;;;;;;;;;;;;;;;;;;;;;;;;;;;;;;;;;;;;;;;;;;;;;;;;;;Scardinius;hesperidicus,,
Squalius;cephalus;256;0;1;0;intol;1;0;0;;;;;;;;;;;;0;1;0;omni;wc;0;0;1;0;0;0;1;0;0;1;0;;;1;0;0;0;0;1;0;1;0;;0;1;0;pot;1;0;0;;im;no;1;0;0;1;0;0;0;0;0;0;0;0;lith;;eury;0;1;0;0;0;0;1;0;0;rheo;0;1;0;1;0;eury;im;0;0;0;0;1;0;0;tol;Squalius;cephalus,,
Squalius;squalus;1067;;;;;;;;;;;;;;;;;;;;;;;;;;;;;;;;;;;;;;;;;;;;;;;;;;;;;;;;;;;;;;;;;;;;;;;;;;;;;;;;;;;;;;;;;;;;;;;;;Squalius;squalus,,
"Telestes;souffia;259;1;0;0;intol;1;0;0;;;;;;;;;;;;0;1;0;omni;wc;0;0;1;0;0;0;1;0;0;1;0;;II;;;;;;;;;;;;;;nom;1;0;0;;intol;no;0;1;0;1;0;0;0;0;0;0;0;0;lith;;""rheo A"";1;0;0;0;0;0;0;1;0;rheo;1;0;1;0;0;steno;im;0;0;0;1;0;0;0;intol;Telestes;souffia",,
Tinca;tinca;294;0;0;1;tol;0;1;0;;;;;;;;;;;;1;0;0;omni;ben;0;0;1;0;0;0;0;1;0;0;1;intol;;1;0;0;0;1;0;1;0;0;;0;0;1;pot;1;0;0;;tol;no;0;1;0;0;0;0;1;0;0;0;0;0;phy;fra;limno;0;1;0;0;0;1;0;0;0;limno;1;0;0;0;1;eury;tol;0;0;0;0;1;0;0;tol;Tinca;tinca,,
"Vimba;vimba;296;0;0;1;intol;0;1;0;;;;;;;;;;;;0;1;0;omni;ben;0;0;0;1;0;0;1;0;0;1;0;intol;;1;0;0;;;;;;;;1;0;0;dia;1;0;0;;im;no;0;1;0;1;0;0;0;0;0;0;0;0;lith;fra;""rheo B"";0;1;0;0;0;1;0;0;0;rheo;1;0;0;1;0;eury;im;0;0;0;1;0;0;0;im;Vimba;vimba",,
"Barbatula;barbatula;226;0;1;0;intol;1;0;0;;;;;;;;;;;;1;0;0;invert;ben;1;0;0;0;0;0;0;1;0;1;0;im;;0;0;1;1;0;0;;;;;1;0;0;pot;1;0;0;;im;no;0;0;1;0;0;0;0;0;1;0;0;0;psam;fra;""rheo A"";1;0;0;0;0;0;0;0;1;eury;1;0;0;0;1;eury;im;0;0;0;1;0;0;0;im;Barbatula;barbatula",,
Aphanius;fasciatus;300;;;;;1;0;0;;;;;;;;;;;;;;;invert;wc;1;0;0;0;0;0;0;1;;;;im;;0;1;0;;;;;;;;1;0;0;nom;;;;;tol;no;;;;;;;;;;;;;;pro;limno;0;0;0;1;0;;;;;limno;1;0;;;;eury;im;;;;;;;;im;Aphanius;fasciatus,,
Gambusia;affinis;244;1;0;0;;1;0;0;;;;;;;;;;;;0;1;0;invert;wc;1;0;0;0;0;0;1;0;;;;tol;;0;0;1;0;0;1;;;;;1;0;0;pot;;;;;tol;prot;;;;;;;;;;;;;;pro;limno;0;1;0;0;0;0;1;0;0;limno;0;1;0;0;1;eury;tol;;;;;;;;tol;Gambusia;affinis,,
"Gambusia;holbrooki;873;;;;tol;1;0;0;0;0;1;0;0;0;0;0;0;""increased water temperaure"";winner;;;;invert;wc;1;0;0;0;0;0;1;0;;;;tol;;0;0;1;;;;;;;;1;0;0;pot;;;;;tol;prot;;;;;;;;;;;;;;pro;limno;0;1;0;0;0;;;;;limno;0;1;;;;eury;tol;;;;;;;;tol;Gambusia;holbrooki",,
Poecilia;reticulata;276;1;0;0;;1;0;0;;;;;;;;;;;;0;1;0;;wc;1;0;0;0;0;0;1;0;;;;tol;;;;;;;;;;;;1;0;0;nom;;;;;;;;;;;;;;;;;;;;;eury;0;1;0;0;0;0;0;1;0;;0;1;0;0;1;;;;;;;;;;;Poecilia;reticulata,,
"Esox;lucius;243;0;0;1;tol;0;0;1;1;1;0;1;1;0;0;0;0;""increased water temperature "";loser;0;0;1;pisci;wc;0;0;1;0;0;0;0;1;1;0;0;tol;;0;1;0;0;0;1;0;1;0;;0;0;1;pot;1;0;0;;im;no;1;0;0;0;0;0;1;0;0;0;0;0;phy;sin;eury;0;1;0;0;0;0;0;0;1;limno;1;0;0;1;0;eury;im;0;0;0;0;0;1;0;im;Esox;lucius",,
Umbra;krameri;414;1;0;0;tol;1;0;0;;;;;;;;;;;;;;;invert;ben;1;0;0;0;0;0;1;0;;;;intol;II;0;1;0;;;;;;;;1;0;0;nom;;;;;tol;prot;;;;;;;;;;;;;phy;sin;limno;1;0;0;0;0;;;;;limno;1;0;;;;eury;tol;;;;;;;;tol;Umbra;krameri,,
Umbra;pygmaea;295;;;;tol;1;0;0;;;;;;;;;;;;0;1;0;invert;ben;1;0;0;0;0;0;0;1;;;;tol;;0;1;0;0;1;0;;;;;1;0;0;nom;;;;;tol;prot;;;;;;;;;;;;;;sin;limno;1;0;0;0;0;0;0;1;0;limno;;;0;0;1;eury;tol;;;;;;;;tol;Umbra;pygmaea,,
Lota;lota;262;0;0;1;intol;0;0;1;;;;;;;;;;;;1;0;0;pisci;ben;0;0;0;1;0;0;0;1;0;1;0;im;;0;0;1;1;0;0;;;;;0;0;1;pot;0;1;0;potamo;intol;no;0;0;1;0;1;0;0;0;0;0;0;0;lithpel;sin;eury;0;1;0;0;0;0;0;0;1;eury;1;0;;;;steno;im;0;0;1;0;0;0;0;im;Lota;lota,,
Gasterosteus;aculeatus;245;1;0;0;im;1;0;0;;;;;;;;;;;;0;1;0;omni;wc;1;0;0;0;0;0;1;0;1;0;0;tol;;1;0;0;1;0;0;;;;0,000002*(x^3,332);1;0;0;pot;0;1;0;ana;im;prot;0;0;1;0;0;0;1;0;0;0;0;0;phy;pro;limno;0;0;0;1;0;0;0;1;0;limno;0;1;1;0;0;eury;im;0;0;0;0;1;0;0;tol;Gasterosteus;aculeatus
Gasterosteus;gymnurus;875;;;;im;;;;;;;;;;;;;;;;;;omni;wc;;;;;;;;;;;;im;;;;;;;;;;;;;;;;;;;;im;prot;;;;;;;;;;;;;;fra;eury;;;;;;;;;;eury;;;;;;eury;tol;;;;;;;;tol;Gasterosteus;gymnurus,,
Pungitius;laevis;966;;;;;;;;;;;;;;;;;;;;;;;;;;;;;;;;;;;;;;;;;;;;;;;;;;;;;;;;;;;;;;;;;;;;;;;;;;;;;;;;;;;;;;;;;;;;;;;;;Pungitius;laevis,,
Pungitius;platygaster;405;;;;;1;0;0;;;;;;;;;;;;;;;;ben;1;0;0;0;0;0;1;0;;;;;;;;;;;;;;;;1;0;0;;;;;;;;;;;;;;;;;;;;;;limno;0;0;0;1;0;;;;;;1;0;;;;;;;;;;;;;;Pungitius;platygaster,,
Pungitius;pungitius;279;1;0;0;tol;1;0;0;;;;;;;;;;;;1;0;0;omni;wc;1;0;0;0;0;0;1;0;1;0;0;im;;0;0;1;1;0;0;;;;;1;0;0;nom;1;0;0;;im;prot;;;;0;0;0;1;0;0;0;0;0;phy;fra;eury;0;0;0;1;0;0;0;1;0;limno;1;0;1;0;0;eury;im;0;0;0;0;1;0;0;tol;Pungitius;pungitius,,
Osmerus;eperlanus;268;0;1;0;im;1;0;0;;;;;;;;;;;;1;0;0;plankt;wc;1;0;0;0;0;1;0;0;0;1;0;im;;0;0;1;0;1;0;;;;;1;0;0;dia;0;1;0;ana;im;no;;;;1;0;0;0;0;0;0;0;0;;sin;eury;0;0;0;1;0;0;0;0;1;eury;1;0;1;0;0;steno;im;0;0;0;0;0;0;1;im;Osmerus;eperlanus,,
Salaria;fluviatilis;282;1;0;0;im;1;0;0;;;;;;;;;;;;1;0;0;invert;ben;;;;;;0;0;1;;;;im;;0;1;0;1;0;0;;;;;1;0;0;;;;;;im;prot;0;1;0;;;;;;;;;;;fra;limno;1;0;0;0;0;0;1;0;0;eury;0;1;0;0;1;eury;im;;;;;;;;im;Salaria;fluviatilis,,
Lepomis;gibbosus;254;0;1;0;im;1;0;0;;;;;;;;;;;;1;0;0;omni;wc;0;0;0;1;0;0;1;0;1;0;0;tol;;1;0;0;1;0;0;0;1;0;;0;1;0;pot;1;0;0;;tol;prot;;;;0;0;0;0;1;0;0;0;0;phylith;fra;limno;1;0;0;0;0;1;0;0;0;limno;0;1;0;0;1;eury;im;0;0;0;1;0;0;0;tol;Lepomis;gibbosus,,
Micropterus;salmoides;263;0;1;0;im;0;1;0;;;;;;;;;;;;0;1;0;pisci;wc;0;1;0;0;0;0;1;0;;;;tol;;1;0;0;1;0;0;1;0;0;;0;1;0;nom;;;;;im;prot;1;0;0;;;;;;;;;;phy;fra;eury;1;0;0;0;0;1;0;0;0;limno;1;0;0;0;1;eury;im;;;;;;;;tol;Micropterus;salmoides,,
Oreochromis;niloticus;531;;;;;;;;;;;;;;;;;;;;;;;wc;;;;;;;;;;;;;;;;;;;;;;;;;;;;;;;;;;;;;;;;;;;;;;;pro;limno;;;;;;;;;;;;;;;;;;;;;;;;;;Oreochromis;niloticus,,
Benthophiloides;brauneri;379;;;;intol;1;0;0;;;;;;;;;;;;;;;;ben;1;0;0;0;0;0;0;1;;;;intol;;;;;;;;;;;;1;0;0;;;;;;tol;no;;;;;;;;;;;;;;;limno;0;1;0;0;0;;;;;limno;;;;;;eury;;;;;;;;;tol;Benthophiloides;brauneri,,
Gobius;cobitis;892;;;;;;;;;;;;;;;;;;;;;;;;;;;;;;;;;;;;;;;;;;;;;;;;;;;;;;;;;;;;;;;;;;;;;;;;;;;;;;;;;;;;;;;;;;;;;;;;;Gobius;cobitis,,
Gobius;niger;333;1;0;0;;1;0;0;;;;;;;;;;;;0;1;0;;ben;1;0;0;0;0;0;0;1;;;;;;;;;;;;;;;;1;0;0;;;;;;;;;;;;;;;;;;;;;;limno;0;0;1;0;0;;;;;;1;0;;;;;;;;;;;;;;Gobius;niger,,
Knipowitschia;caucasica;393;1;0;0;intol;1;0;0;;;;;;;;;;;;;;;invert;ben;1;0;0;0;0;0;0;1;;;;tol;;;;;;;;;;;;1;0;0;;;;;;im;no;;;;;;;;;;;;;;fra;limno;0;0;0;1;0;;;;;limno;1;0;;;;eury;;;;;;;;;tol;Knipowitschia;caucasica,,
Knipowitschia;panizzae;335;;;;;1;0;0;;;;;;;;;;;;;;;invert;ben;1;0;0;0;0;0;0;1;;;;im;;;;;;;;;;;;1;0;0;;;;;;im;prot;;;;;;;;;;;;;;sin;eury;0;1;0;0;0;;;;;limno;1;0;;;;eury;intol;;;;;;;;im;Knipowitschia;panizzae,,
Knipowitschia;punctatissima;602;;;;;;;;;;;;;;;;;;;;;;invert;ben;;;;;;;;;;;;intol;;;;;;;;;;;;;;;;;;;;im;prot;;;;;;;;;;;;;;sin;rheo;;;;;;;;;;rheo;;;;;;steno;intol;;;;;;;;intol;Knipowitschia;punctatissima,,
Mesogobius;batrachocephalus;603;;;;;;;;;;;;;;;;;;;;;;;;;;;;;;;;;;;;;;;;;;;;;;;;;;;;;;;;;;;;;;;;;;;;;;;;;;;;;;;;;;;;;;;;;;;;;;;;;Mesogobius;batrachocephalus,,
Neogobius;fluviatilis;396;;;;intol;1;0;0;;;;;;;;;;;;;;;invert;ben;1;0;0;0;0;0;1;0;;;;tol;;;;;;;;;;;;1;0;0;nom;;;;;im;prot;;;;;;;;;;;;;spel;pro;eury;0;1;0;0;0;;;;;eury;1;0;;;;eury;im;;;;;;;;tol;Neogobius;fluviatilis,,
Neogobius;melanostomus;398;1;0;0;intol;1;0;0;;;;;;;;;;;;0;0;1;invert;ben;0;1;0;0;0;0;0;1;;;;tol;;0;0;1;;;;;;;0,0002*(x^2,395);1;0;0;nom;;;;;im;prot;;;;;;;;;;;;;spel;pro;eury;0;0;0;1;0;;;;;eury;0;1;;;;eury;tol;;;;;;;;tol;Neogobius;melanostomus
Padogobius;bonelli;338;;;;;1;0;0;;;;;;;;;;;;;;;invert;ben;1;0;0;0;0;0;0;1;;;;im;;;;;;;;;;;;1;0;0;;;;;;;prot;;;;;;;;;;;;;;fra;eury;1;0;0;0;0;;;;;eury;1;0;;;;eury;;;;;;;;;;Padogobius;bonelli,,
Pomatoschistus;marmoratus;340;;;;;1;0;0;;;;;;;;;;;;1;0;0;;ben;1;0;0;0;0;0;0;1;;;;;;;;;;;;;;;;1;0;0;;;;;;;;;;;;;;;;;;;;;;limno;0;0;1;0;0;;;;;;1;0;;;;;;;;;;;;;;Pomatoschistus;marmoratus,,
Pomatoschistus;microps;367;1;0;0;;1;0;0;;;;;;;;;;;;1;0;0;invert;ben;1;0;0;0;0;0;0;1;;;;;;;;;;;;;;;;1;0;0;dia;;;;;;prot;;;;;;;;;;;;;;;limno;0;0;0;1;0;;;;;;0;1;;;;;;;;;;;;;;Pomatoschistus;microps,,
Pomatoschistus;minutus;341;;;;;1;0;0;;;;;;;;;;;;1;0;0;invert;ben;1;0;0;0;0;0;0;1;;;;im;;;;;;;;;;;;1;0;0;oce;;;;;im;prot;;;;;;;;;;;;;;sin;limno;0;0;1;0;0;;;;;limno;0;1;;;;eury;intol;;;;;;;;im;Pomatoschistus;minutus,,
Proterorhinus;marmoratus;956;;;;intol;;;;;;;;;;;;;;;;;;invert;ben;;;;;;;;;;;;intol;;;;;;;;;;;;;;;;;;;;intol;prot;;;;;;;;;;;;;;sin;eury;;;;;;;;;;eury;;;;;;eury;;;;;;;;;im;Proterorhinus;marmoratus,,
Proterorhinus;semilunaris;277;;;;;1;0;0;;;;;;;;;;;;;;;invert;ben;;;;;;0;0;1;;;;;;;;;;;;;;;;;;;;;;;;;prot;;;;;;;;;;;;;spel;;eury;0;0;0;1;0;0;0;1;0;;;;0;0;1;eury;;;;;;;;;;Proterorhinus;semilunaris,,
Dicentrarchus;labrax;242;0;0;1;;0;0;1;;;;;;;;;;;;1;0;0;pisci;wc;0;0;1;0;0;0;0;1;;;;im;;1;0;0;1;0;0;0;0;1;;0;0;1;oce;;;;;im;no;;;;;;;;;;;;;;sin;eury;0;1;0;0;0;0;1;0;0;rheo;1;0;0;0;1;eury;intol;;;;;;;;im;Dicentrarchus;labrax,,
Perccottus;glenii;402;1;0;0;intol;1;0;0;;;;;;;;;;;;;;;omni;ben;;;;;;0;0;1;;;;im;;;;;;;;;;;;;;;;;;;;tol;prot;;;;;;;;;;;;;;sin;limno;0;1;0;0;0;;;;;limno;1;0;;;;eury;;;;;;;;;tol;Perccottus;glenii,,
Gymnocephalus;baloni;389;;;;intol;1;0;0;;;;;;;;;;;;;;;omni;ben;1;0;0;0;0;0;1;0;;;;im;;;;;;;;;;;0,00002*(x^2,"9151);1;0;0;nom;;;;;im;no;;;;;;;;;;;;;phylith;pro;""rheo B"";1;0;0;0;0;;;;;eury;1;0;;;;eury;tol;;;;;;;;tol;Gymnocephalus;baloni"
Gymnocephalus;cernua;893;0;0;1;im;1;0;0;;;;;;;;;;;;1;0;0;invert;ben;1;0;0;0;0;0;0;1;1;0;0;;;0;1;0;1;0;0;0;0;1;;0;1;0;pot;1;0;0;;im;no;0;0;1;0;0;0;0;1;0;0;0;0;phylith;;eury;0;1;0;0;0;0;1;0;0;eury;0;1;1;0;0;eury;im;0;0;0;1;0;0;0;tol;Gymnocephalus;cernua,,
"Gymnocephalus;schraetser;390;;;;intol;1;0;0;;;;;;;;;;;;;;;omni;ben;0;1;0;0;0;0;0;1;0;1;0;im;""II V"";;;;;;;;;;;0;1;0;nom;1;0;0;;im;no;;;;1;0;0;0;0;0;0;0;0;lith;pro;""rheo A"";1;0;0;0;0;;;;;rheo;1;0;;;;eury;tol;0;0;0;1;0;0;0;tol;Gymnocephalus;schraetser",,
Perca;fluviatilis;270;0;0;1;tol;0;1;0;;;;;;;;;;;;0;1;0;pisci;wc;0;0;0;1;0;0;0;1;1;0;0;tol;;0;1;0;0;1;0;1;0;0;;0;0;1;dia;1;0;0;;im;no;0;1;0;0;0;0;0;1;0;0;0;0;phylith;sin;eury;0;1;0;0;0;1;0;0;0;eury;1;0;0;1;0;eury;im;0;0;1;0;0;0;0;tol;Perca;fluviatilis,,
Percarina;demidoffii;400;1;0;0;;1;0;0;;;;;;;;;;;;;;;;ben;1;0;0;0;0;0;1;0;;;;;;1;0;0;;;;;;;;1;0;0;;;;;;;;;;;;;;;;;;;;;;limno;0;1;0;0;0;;;;;;1;0;;;;;;;;;;;;;;Percarina;demidoffii,,
"Sander;lucioperca;290;0;0;1;im;0;0;1;0;0;0;0;1;0;0;0;0;""increased temperature"";winner;1;0;0;pisci;wc;0;0;0;1;0;1;0;0;1;0;0;im;;0;1;0;0;1;0;1;0;0;;0;0;1;pot;1;0;0;;im;prot;0;1;0;0;0;0;0;1;0;0;0;0;phylith;sin;eury;0;1;0;0;0;0;0;1;0;eury;1;0;0;1;0;eury;im;0;0;0;0;0;1;0;tol;Sander;lucioperca",,
Sander;volgensis;413;;;;intol;0;1;0;;;;;;;;;;;;;;;pisci;ben;0;0;1;0;0;0;0;1;;;;im;;;;;;;;;;;0,000003*(x^3,"1567);0;1;0;nom;;;;;im;prot;;;;;;;;;;;;;phylith;sin;""rheo B"";0;1;0;0;0;;;;;eury;1;0;;;;eury;im;;;;;;;;tol;Sander;volgensis"
Zingel;asper;297;1;0;0;;1;0;0;;;;;;;;;;;;0;0;1;invert;ben;0;0;1;0;0;0;0;1;;;;intol;;0;0;1;0;0;1;0;0;1;;0;1;0;pot;;;;;intol;prot;;;;;;;;;;;;;;sin;rheo;1;0;0;0;0;0;0;0;1;rheo;1;0;0;0;1;eury;intol;;;;;;;;intol;Zingel;asper,,
"Zingel;streber;416;;;;intol;1;0;0;;;;;;;;;;;;;;;omni;ben;1;0;0;0;0;0;0;1;0;1;0;intol;II;;;;;;;;;;;0;1;0;pot;1;0;0;;intol;no;;;;1;0;0;0;0;0;0;0;0;lith;sin;""rheo A"";1;0;0;0;0;;;;;rheo;1;0;;;;eury;intol;0;0;0;1;0;0;0;im;Zingel;streber",,
"Zingel;zingel;417;1;0;0;intol;0;1;0;;;;;;;;;;;;;;;omni;ben;;;;;;0;0;1;0;1;0;intol;""II V"";;;;;;;;;;;;;;nom;1;0;0;;intol;no;;;;1;0;0;0;0;0;0;0;0;lith;sin;""rheo A"";1;0;0;0;0;;;;;rheo;1;0;;;;eury;intol;0;0;0;1;0;0;0;im;Zingel;zingel",,
Platichthys;flesus;274;0;0;1;im;0;1;0;;;;;;;;;;;;1;0;0;invert;ben;0;1;0;0;0;0;0;1;0;1;0;im;;1;0;0;1;0;0;;;;;0;1;0;dia;0;1;1;cata;im;no;;;;0;0;0;0;0;0;0;0;1;;sin;eury;0;0;0;1;0;1;0;0;0;eury;1;0;0;0;1;steno;intol;0;0;0;1;0;0;0;im;Platichthys;flesus,,
Pleuronectes;platessa;275;0;1;0;;0;0;1;;;;;;;;;;;;0;1;0;;ben;0;0;1;0;0;0;0;1;;;;;;0;0;1;0;0;1;0;0;1;;0;1;0;oce;;;;;;;;;;;;;;;;;;;;;limno;0;0;1;0;0;1;0;0;0;;1;0;0;0;1;;;;;;;;;;;Pleuronectes;platessa,,
"Coregonus;albula;349;1;0;0;im;1;0;0;0;0;0;0;1;0;0;0;0;""increased temperature"";loser;;;;plankt;wc;1;0;0;0;0;1;0;0;;;;intol;;0;0;1;;;;0;0;1;;0;1;0;dia;;;;;intol;no;0;1;0;;;;;;;;;;;sin;limno;0;0;0;1;0;;;;;limno;1;0;;;;steno;im;;;;;;;;intol;Coregonus;albula",,
Coregonus;arenicolus;355;;;;;0;1;0;;;;;;;;;;;;;;;;;;;;;;0;1;0;;;;;;;;;;;;;;;;;;;;;;;;;;;;;;;;;;;;;;;;limno;1;0;0;0;0;;;;;;;;;;;;;;;;;;;;;Coregonus;arenicolus,,
Coregonus;lavaretus;237;0;1;0;im;0;0;1;;;;;;;;;;;;0;0;1;planct;wc;0;0;1;0;0;0;0;1;;;;intol;V;;;;0;0;1;0;1;0;;;;;dia;;;;;intol;no;1;0;0;;;;;;;;;;pel;sin;eury;0;0;0;1;0;0;1;0;0;limno;1;0;0;1;0;steno;im;;;;;;;;intol;Coregonus;lavaretus,,
Coregonus;macrophthalmus;359;;;;;;;;;;;;;;;;;;;;;;;;0;1;0;0;0;1;0;0;;;;;;;;;;;;;;;;0;1;0;;;;;;;;;;;;;;;;;;;;;;limno;1;0;0;0;0;;;;;;;;;;;;;;;;;;;;;Coregonus;macrophthalmus,,
Coregonus;maraena;360;1;0;0;intol;0;0;1;;;;;;;;;;;;;;;planct;ben;0;0;1;0;0;0;0;1;0;1;0;tol;V;0;0;1;;;;;;;;0;1;0;dia;0;0;1;ana;intol;no;;;;1;0;0;0;0;0;0;0;0;pel;sin;eury;1;0;0;0;0;;;;;rheo;1;0;;;;steno;;0;0;0;0;0;0;1;im;Coregonus;maraena,,
Coregonus;oxyrinchus;238;0;1;0;intol;0;1;0;;;;;;;;;;;;0;0;1;invert;ben;0;0;1;0;0;0;0;1;0;1;0;tol;;0;0;1;0;0;1;;;;;;;;dia;0;0;1;ana;intol;no;1;0;0;1;0;0;0;0;0;0;0;0;;sin;rheo;0;0;0;1;0;0;1;0;0;rheo;1;0;1;0;0;steno;;0;0;0;0;0;0;1;im;Coregonus;oxyrinchus,,
Coregonus;wartmanni;362;;;;;0;0;1;;;;;;;;;;;;;;;;wc;0;0;1;0;0;1;0;0;;;;;;0;0;1;;;;;;;;0;0;1;nom;;;;;;;;;;;;;;;;;;;;;limno;1;0;0;0;0;;;;;;1;0;;;;;;;;;;;;;;Coregonus;wartmanni,,
"Hucho;hucho;320;1;0;0;intol;0;0;1;;;;;;;;;;;;0;0;1;pisci;wc;0;0;0;1;0;0;1;0;0;1;0;intol;""II V"";0;0;1;0;0;1;0;0;1;0",00003*(x^2,"7006);0;0;1;pot;0;1;1;potamo;intol;no;1;0;0;1;0;0;0;0;0;0;0;0;lith;sin;""rheo A"";1;0;0;0;0;;;;;rheo;1;0;;;;steno;intol;0;0;0;0;0;1;0;intol;Hucho;hucho"
Oncorhynchus;mykiss;267;1;0;0;intol;0;1;0;;;;;;;;;;;;0;0;1;invert;wc;0;1;0;0;0;0;1;0;0;1;0;im;;0;0;1;0;0;1;0;1;0;0,00002*(x^2,"8936);0;1;0;pot;1;0;0;;intol;no;1;0;0;1;0;0;0;0;0;0;0;0;lith;sin;""rheo A"";0;0;0;1;0;0;1;0;0;rheo;1;0;1;0;0;steno;im;0;0;1;0;0;0;0;im;Oncorhynchus;mykiss"
Salmo;salar;283;0;1;0;intol;0;0;1;;;;;;;;;;;;0;0;1;pisci;wc;0;1;0;0;0;0;1;0;0;1;0;intol;;0;0;1;;;;0;1;0;;0;1;0;dia;0;0;1;ana;intol;prot;1;0;0;1;0;0;0;0;0;0;0;0;;sin;rheo;0;0;0;1;0;0;1;0;0;rheo;1;0;0;1;0;steno;intol;0;0;0;1;0;0;0;intol;Salmo;salar,,
"Salvelinus;fontinalis;288;1;0;0;tol;0;1;0;;;;;;;;;;;;0;0;1;omni;wc;0;1;0;0;0;0;0;1;0;1;0;intol;;0;0;1;;;;;;;;0;0;1;dia;1;0;0;;intol;no;1;0;0;1;0;0;0;0;0;0;0;0;lith;sin;""rheo A"";0;0;0;1;0;0;1;0;0;rheo;1;0;0;0;1;steno;im;0;0;1;0;0;0;0;intol;Salvelinus;fontinalis",,
Salvelinus;profundus;1032;;;;;;;;;;;;;;;;;;;;;;;;;;;;;;;;;;;;;;;;;;;;;;;;;;;;;;;;;;;;;;;;;;;;;;;;;;;;;;;;;;;;;;;;;;;;;;;;;Salvelinus;profundus,,
"Salvelinus;umbla;368;;;;intol;;;;;;;;;;;;;;;;;;omni;wc;;;;;;0;1;0;;;;intol;;;;;;;;;;;;;;;nom;;;;;intol;no;;;;;;;;;;;;;lith;sin;""rheo B"";1;0;0;0;0;;;;;limno;;;;;;steno;intol;;;;;;;;intol;Salvelinus;umbla",,
"Thymallus;thymallus;293;0;1;0;intol;0;0;1;;;;;;;;;;;;0;0;1;invert;wc;0;1;0;0;0;0;1;0;0;1;0;intol;V;0;0;1;0;0;1;1;0;0;;0;1;0;nom;1;0;0;;intol;prot;1;0;0;1;0;0;0;0;0;0;0;0;lith;sin;""rheo A"";0;1;0;0;0;0;1;0;0;rheo;1;0;0;1;0;steno;intol;0;0;0;1;0;0;0;intol;Thymallus;thymallus",,
Cottus;gobio;239;1;0;0;im;1;0;0;;;;;;;;;;;;0;0;1;invert;ben;0;0;1;0;0;0;0;1;0;1;0;intol;II;0;0;1;0;0;1;0;1;0;0,00004*(x^2,"7124);1;0;0;nom;1;0;0;;intol;prot;1;0;0;0;0;0;0;0;0;0;1;0;spel;sin;""rheo A"";0;1;0;0;0;0;0;1;0;rheo;1;0;0;1;0;steno;intol;0;0;0;1;0;0;0;intol;Cottus;gobio"
Cottus;perifretum;860;;;;;;;;;;;;;;;;;;;;;;;;;;;;;;;;;;;;;;;;;;;;;;;;;;;;;;;;;;;;;;;;;;;;;;;;;;;;;;;;;;;;;;;;;;;;;;;;;Cottus;perifretum,,
Cottus;rhenanus;861;;;;;;;;;;;;;;;;;;;;;;;;;;;;;;;;;;;;;;;;;;;;;;;;;;;;;;;;;;;;;;;;;;;;;;;;;;;;;;;;;;;;;;;;;;;;;;;;;Cottus;rhenanus,,
Clarias;gariepinus;806;;;;;;;;;;;;;;;;;;;;;;invert;;;;;;;;;;;;;im;;;;;;;;;;;;;;;;;;;;;;;;;;;;;;;;;;;;eury;;;;;;;;;;;;;;;;;;;;;;;;;;Clarias;gariepinus,,
Ameiurus;melas;220;0;1;0;tol;0;1;0;;;;;;;;;;;;0;0;1;omni;ben;0;0;1;0;0;0;0;1;;;;tol;;0;1;0;1;0;0;;;;0,0000007*(x^3,0701);0;1;0;nom;;;;;tol;prot;;;;;;;;;;;;;lith;sin;limno;1;0;0;0;0;0;1;0;0;limno;1;0;0;0;1;eury;tol;;;;;;;;tol;Ameiurus;melas
Ameiurus;nebulosus;221;1;0;0;tol;0;1;0;;;;;;;;;;;;0;0;1;omni;ben;0;1;0;0;0;0;0;1;;;;tol;;0;1;0;;;;;;;0,0000007*(x^3,0701);0;1;0;nom;;;;;tol;prot;;;;;;;;;;;;;lith;sin;limno;0;1;0;0;0;0;0;1;0;limno;1;0;0;0;1;eury;tol;;;;;;;;tol;Ameiurus;nebulosus
Ictalurus;punctatus;251;0;1;0;;0;0;1;;;;;;;;;;;;;;;omni;ben;0;0;1;0;0;0;0;1;;;;;;;;;;;;;;;;0;0;1;nom;;;;;;prot;;;;;;;;;;;;;lith;;limno;1;0;0;0;0;0;0;0;1;limno;0;1;0;1;0;eury;;;;;;;;;;Ictalurus;punctatus,,
Silurus;glanis;292;0;0;1;im;0;0;1;;;;;;;;;;;;0;0;1;pisci;ben;0;0;0;0;1;0;0;1;1;0;0;tol;;1;0;0;;;;;;;;0;0;1;nom;1;0;0;;im;prot;1;0;0;0;0;0;1;0;0;0;0;0;phy;sin;eury;0;1;0;0;0;0;0;0;1;eury;1;0;0;0;1;eury;im;0;0;0;0;0;1;0;tol;Silurus;glanis,,
Nerophis;ophidion;926;;;;;;;;;;;;;;;;;;;;;;;;;;;;;;;;;;;;;;;;;;;;;;;;;;;;;;;;;;;;;;;;;;;;;;;;;;;;;;;;;;;;;;;;;;;;;;;;;Nerophis;ophidion,,
Syngnathus;abaster;326;;;;intol;1;0;0;;;;;;;;;;;;;;;invert;ben;1;0;0;0;0;0;0;1;;;;im;;0;0;1;;;;;;;;1;0;0;dia;;;;;im;prot;;;;;;;;;;;;;;sin;limno;0;0;0;1;0;;;;;eury;1;0;;;;eury;intol;;;;;;;;im;Syngnathus;abaster,,
Chelon;labrosus;233;;;;;0;0;1;;;;;;;;;;;;1;0;0;omni;wc;0;1;0;0;0;0;0;1;;;;tol;;;;;1;0;0;;;;;0;1;0;dia;;;;;tol;no;0;0;1;;;;;;;;;;;sin;limno;0;0;0;1;0;0;0;1;0;eury;1;0;0;0;1;eury;tol;;;;;;;;tol;Chelon;labrosus,,
Mugil;cephalus;266;0;0;1;;0;1;0;;;;;;;;;;;;1;0;0;detri;ben;0;0;1;0;0;0;1;0;;;;tol;;1;0;0;1;0;0;;;;;0;0;1;dia;;;;;tol;no;0;0;1;;;;;;;;;;;sin;limno;0;0;0;0;1;0;0;1;0;eury;1;0;1;0;0;eury;tol;;;;;;;;tol;Mugil;cephalus,,
