NOM,WATERWAY,NAVIGATION,fid,id
Lock Rivage-en-Pot,Ourthe,48.5 x 5.1 m — height : 3.13,"172","172"
Lock Kremenchuk,,,"442","442"
Olen Lock (smaller chambers),Albertkanaal,,"773","773"
Lock Neuves-Maisons,Moselle,"185 x 12 m — height : 7,1 m","100","100"
Lock La Cave,Haute-Seine,"185 x 12 m two chambers — height : 2,05 m","90","90"
Lock Wanne-Eickel RB,Rhein-Herne Kanal,163 x 10 m — height : 8.1 m,"779","779"
Marckolsheim Locks,Rhin,185 x 24 m and 185 x 12 (parallel chambers) — height : 13.80 m,"198","198"
Lock Volta Grimana,,,"391","391"
Lock Mühlhausen,Main-Donau Kanal,,"220","220"
Lock Steinbach,Main,300 x 12 m — height : 5.14 m,"209","209"
Lock Wintrich,Mosel,170  x 12 m — height : 7.5 m,"116","116"
Lock Rothensee,Mittellandkanal - Elbe Branch,190 x 12.5m — height : 16 m,"640","640"
Lock Wilhering-Ottensheim (parallel chambers),Donau,,"231","231"
Lock Gleesen,Dortmund-Ems Kanal,163 x 10 m — height : 6.37 m,"716","716"
Lock Stvanice (small chamber),,115 x 11 m,"604","604"
Lock Les Fontinettes,Liaison Dunkerque-Escaut,"144,6 x 12 m","138","138"
Lock Wien-Freudenau,Donau,,"239","239"
Lock Serrig,Saar,,"112","112"
Lock Kriegenbrunn,Main-Donau Kanal,,"212","212"
Lock Genk,Albertkanaal,200 x 24 m — height : 10.1 m@@2 small chambers 136 x 16 m,"739","739"
Lock Kanev,,,"448","448"
Lock Gabcikovo,,,"248","248"
Lock Redzin (parallel chambers),,,"407","407"
Locks Heel,Maas,142 x 16 m,"747","747"
Lock Ratowice,,,"405","405"
Lock Heumen,Maas-Waalkanaal,270 x 16 m,"838","838"
Lock Obr¡stv¡,,,"613","613"
Lock Turov,,,"606","606"
Lock Marquion-Bourlon,Canal Seine-Nord Europe,195 x 12 m,"130","130"
Locks Grave,Maas,,"838","838"
Lock Vezoult,Petite Seine,"121 x 10,5 m — height : 1,16 m","916","916"
Lock Vrane nad Vltavou (large chamber),,134 x 12 m,"604","604"
Lock Ybbs-Persenbeug (parallel chambers),Donau,,"234","234"
Lock Vrane nad Vltavou (small chamber),,85 x 12 m,"604","604"
Lock Stechovice,,118.4 x 12 m,"594","594"
Lock Würzburg,Main,300 x 12 m — height : 2.75 m,"207","207"
Lock Obernau,Main,12 x 2.5 m — height : 4.01 m,"182","182"
Lock Wusterwitz,Elbe-Havel-Kanal,225 x 12 m — height : 2.65-5.09 m,"956","956"
Lock Molenbeek,Canal de Charleroi à Bruxelles,81.6 x 10.5 m — height : 4.7 m,"174","174"
Lock Knetzgau,Main,300 x 12 m — height : 4.3 m,"214","214"
Lock Srpski Itebej,,,"309","309"
Lock Koenigsmacker,Moselle,176 x 12 m,"106","106"
Lock Rothenfels,Main,300 x 12 m — height : 5.25 m,"206","206"
Lock Offenbach (parallel chambers),Main,345.5 x 11.5 m — height : 3.18 m,"180","180"
Lock 6 L'Île-Adam,Oise,"185 x 12 m and 125 x 12 (two chambers) — height : 1,5 m","84","84"
Lock Ottendorf,Main,12.5 x 2.5 m — height : 7.6 m,"214","214"
Lock Geisling,Donau,,"222","222"
Lock Schlüsselburg,Mittelweser,214 x 12.3 m,"701","701"
Lock Oberhausen,Rhein-Herne Kanal,190 x 12 m — height : 4.1 m@@double chamber,"784","784"
Lock Lot,Canal de Charleroi à Bruxelles,81.6 x 10.5 m — height : 3.7 m,"158","158"
Lock Strullendorf (7.41m),Main-Donau Kanal,,"216","216"
Lock Dörverden,Mittelweser,214 x 12.3 m,"690","690"
Lock Melk,Donau,,"235","235"
Lock Meiderich,Ruhr-Wasserstraße,311 x 12.8 m,"783","783"
Lock Couzon,Saône,185 x 12 m — height : 4 m,"34","34"
Locks Bougival,Seine,"220 x 17 m and 112 x 12 (two chambers) — height : 3,25 m","87","87"
Lock Przegalina,,,"531","531"
Lock Marolles,Petite Seine,185 x 12 m,"915","915"
Lock Mirejovice,,133 x 20 m@@69 x 11 m,"612","612"
Lock Krummesse,Elbe-Lübeck-Kanal,80 x 12 m — height : 2.75 m,"655","655"
Lock Straubing,Donau,,"224","224"
Lock Bollène,Rhône,195 x 12 m,"26","26"
Lock Visé,Canal de Haccourt à Visé,55 x 7.5 m — height : 5.7 m,"173","173"
Lock Toul,Moselle,185 x 12 m,"102","102"
Lock Venhaus,Dortmund-Ems Kanal,163 x 10 m — height : 3.5 m,"709","709"
Lock 17 Mikolajewo,,57.4 x 9.6 m,"561","561"
Lock Merseburg-Meuschau,Saale,,"630","630"
Lock 21 Pont Tremblant,Canal des Vosges,"38,5 x 5,2 m — height : 2,9 m","71","71"
Lock Dietesheim,Main,300.45 x 12 m — height : 3.77 m,"179","179"
Locks Sambeek,Maas,260 x 16 m@@142 x 16 m,"829","829"
Lock 8 Fontenelles,Canal du Rhône au Rhin,"38,7 x 5,25 m — height : 0,74 m","51","51"
Lock Volkerak,Volkerak,,"827","827"
Lock Terneuzen (Middensluis),Kanaal Terneuzen-Gent,140 x 18 m,"761","761"
Lock Ormes,Saône,"185 x 12 m — height : 2,53 m","38","38"
Lock Zeran,,,"507","507"
Lock Marchienne-au-Pont,Canal de Charleroi à Bruxelles,85.09 x 11.5 m — height : 7 m,"161","161"
Locks Prinses Marijke,Amsterdam-Rijnkanaal,260 x 180 m@@parallel chambers,"837","837"
Lock Hollage,Mittellandkanal - Osnabrück branch,82 x 10 m — height : 4.75 m,"706","706"
Lock Kostomlatky,,,"609","609"
Lock Tolhuis,Verbindingskanaal,,"756","756"
Lock Greifenstein,Donau,,"240","240"
Lock 8,Canal entre Champagne et Bourgogne,"38,5 x 5,2 m — height : 5,12 m","63","63"
Lock Oudenaarde,Bovenschelde,125 x 14 m — height : 1.74 m,"156","156"
Lock 62 Moulin des Malades,Canal du Rhône au Rhin,"38,7 x 5,25 m — height : 2,25 m","44","44"
Lock Aschach (parallel chambers),Donau,,"230","230"
Lock San Leone,,,"382","382"
Lock 20 Raydans,Canal du Rhône au Rhin,"38,7 x 5,25 m — height : 2,3 m","50","50"
Lock Eisenhüttenstadt,Oder-Spree Kanal,127 x 12 m — height : 14 m@@parallel chambers,"573","573"
Lock Groszowice (small chamber),,,"398","398"
Lock Lobkovice,,,"613","613"
Locks Méricourt,Seine,185 x 12 m and 160 x 17 and 141 x 12 (three chambers),"91","91"
lock Duffel,Nethe Kanaal,136 x 16 m@@55 x 7.5 m,"770","770"
Lock Kembs,Rhin,185 x 24 m — height : 13.2 m@@185 x 12 m@@ (parallel chambers),"857","857"
Lock Mornimont,Sambre,111.9 x 12.5 m — height : 4.6 m,"168","168"
Lock Himmelstadt,Main,12.3 x 2.5 m — height : 4.3 m,"208","208"
Lock 6 Pouillot,Canal entre Champagne et Bourgogne,"38,5 x 5,2 m — height : 3,67 m","65","65"
Lock 59 Saint-Vit,Canal du Rhône au Rhin,"38,7 x 5,25 m — height : 1,55 m","44","44"
Lock Offenbach,Main,20.2 x 3.5 m — height : 3.18 m,"180","180"
Lock Kanzem,Saar,,"112","112"
Lock Roselies,Sambre,111.9 x 12.5 m — height : 3.6 m,"161","161"
Lock Dietesheim,Main,19.65 x 4 m — height : 3.77 m,"179","179"
Lock Waulsort,Meuse,100 x 12 m — height : 2.4 m,"170","170"
Lock Böllberg (Halle),Saale,,"631","631"
Lock Jaulnes,Petite Seine,"121 x 10,5 m — height : 1,27 m","916","916"
Lock 58 Roset-Fluans,Canal du Rhône au Rhin,"38,7 x 5,25 m — height : 3,8 m","46","46"
Lock Rischmühlenschleuse,Saale,,"630","630"
Lock Besigheim (parallel chambers),Neckar,106 x 12 m — height : 6.3 m@@parallel chambers,"186","186"
Lock,Haren-Rütenbrockerkanal,,"717","717"
Lock Bernburg,Saale,103 x 12 m,"633","633"
Lock Modrany,,192 x 12 m,"604","604"
Lock Hun,Meuse,100 x 12 m — height : 2.02 m,"169","169"
Lock 40,Canal des Vosges,"38,5 x 5,2 m — height : 3 m","101","101"
Lock 40 Baumerousse,Canal du Rhône au Rhin,"38,7 x 5,25 m — height : 4,2 m","48","48"
Lock 55 Chamouilley,Canal entre Champagne et Bourgogne,"38,5 x 5,2 m — height : 3,2 m","72","72"
Lock 10 Fléchambault,Canal de l'Aisne à la Marne,"38,5 x 5,2 m — height : 2,87 m","77","77"
Lock 5 Ablancourt,Canal latéral à la Marne,"38,5 x 5,2 m — height : 1,93 m","74","74"
Lock 30 Plaine de Pompierre,Canal du Rhône au Rhin,"38,7 x 5,25 m — height : 2,7 m","49","49"
Lock Écuelle,Saône,"185 x 12 m — height : 3,2 m","40","40"
Lock Harrbach,Main,12.5 x 2.5 m — height : 4.9 m,"208","208"
Lock Metz-Nord (small chamber),Moselle,"40,5 x 6 m","105","105"
Lock Vaugris,Rhône,195 x 12 m,"32","32"
Fessenheim Locks,Rhin,"185 x 24 m and 185 x 12 (parallel chambers) — height : 15,1 m","56","56"
Lock 27,Canal du Rhône au Rhin,"38,8 x 5,1 m — height : 2,75 m","52","52"
Lock 14 Hérant,Aisne,"46 x 7,95 m — height : 1,35 m","80","80"
Lock Hasselt,Albertkanaal,200 x 24 m — height : 10.1 m@@2 small chambers 136 x 16 m,"739","739"
Lock Lovosice (large chamber),,,"614","614"
Lock Terneuzen (Oostsluis),Kanaal Terneuzen-Gent,277 x 24 m,"761","761"
Lock Flaesheim,Wesel-Datteln Kanal,220 x 12 m — height : 4 m@@112 x 12 m,"782","782"
Lock 19 Wrzesczyna,,57.4 x 9.6 m,"559","559"
Locks Prinses Maxima,Maas,,"846","846"
Lock Villiers,Petite Seine,"121 x 10,5 m — height : 2,53 m","916","916"
Lock 12,Canal du Rhône au Rhin,"38,8 x 5,1 m — height : 2,64 m","52","52"
Lock 4 Conflandey,Saône,"38,5 x 5,2 m — height : 1,78 m","68","68"
Lock 24 Héronnière,Canal des Vosges,"38,5 x 5,2 m — height : 3 m","101","101"
Lock Roudnice nad Labem (large chamber),,,"617","617"
Lock 14 Golbey,Canal des Vosges,"38,5 x 5,2 m — height : 1,79 m","99","99"
Lock Opole,,,"398","398"
Lock 26 Forge Quénot,Canal des Vosges,"38,5 x 5,2 m — height : 3,5 m","71","71"
Lock Terherne,Prinses Margrietkanaal,260 x 16 m@@(gates are kept open),"799","799"
Lock Lipki,,,"405","405"
Locks Prinses Irene,Amsterdam-Rijnkanaal,260 x 24 m@@350 x 18 m,"837","837"
Lock 49 Breil,Canal entre Champagne et Bourgogne,"38,5 x 5,2 m — height : 2,9 m","73","73"
Locks Prins Bernhard,Amsterdam-Rijnkanaal,260 x 24 m@@350 x 18 m,"847","847"
Locks Notre-Dame-de-la-Garenne,Seine,185 x 24 m and 185 x 12 (two chambers),"91","91"
Lock 18,Canal du Rhône au Rhin,"38,8 x 5,1 m — height : 3,03 m","52","52"
Lock 24 Courchamp,Canal entre Champagne et Bourgogne,"38,5 x 5,2 m — height : 3,77 m","62","62"
Lock Zwanowice (parallel chambers),,,"404","404"
Lock Esslingen,Neckar,110 x 12 m — height : 5.2 m@@parallel chambers,"192","192"
Lock 41 Saint-Sauveur,Canal entre Champagne et Bourgogne,"38,5 x 5,2 m — height : 2,9 m","59","59"
Lock 48 Curel,Canal entre Champagne et Bourgogne,"38,5 x 5,2 m — height : 3,1 m","73","73"
Lock (parallel chambers),,,"402","402"
Lock 15 Dommarien,Canal entre Champagne et Bourgogne,"38,5 x 5,2 m — height : 3,5 m","63","63"
Lock 21 Drawsko,,57.4 x 9.6 m,"559","559"
Lock Düthe,Dortmund-Ems Kanal,165 x 12 m — height : 2.2 m@@165 x 10 m,"719","719"
Lock Kitzingen,Main,12.5 x 2.5 m — height : 3.66 m,"210","210"
Lock 22 Isse,Canal de l'Aisne à la Marne,"38,5 x 5,2 m — height : 2,68 m","908","908"
Lock Papenpadsluis,Papenpadsloot,,"819","819"
Lock Zaandam,Zaan,,"819","819"
Lock Hüntel,Dortmund-Ems Kanal,223 x 12 m — height : 2.9 m@@165 x 10 m,"717","717"
Lock 29 Vincey,Canal des Vosges,"38,5 x 5,2 m — height : 3 m","101","101"
Lock Avignon,Rhône,195 x 12 m,"24","24"
Lock 24 Condé-sur-Marne,Canal de l'Aisne à la Marne,"38,5 x 5,2 m — height : 2,63 m","908","908"
Lock 8,Canal du Rhône au Rhin,"38,8 x 5,1 m — height : 2,95 m","52","52"
Lock 26 Avière,Canal des Vosges,"38,5 x 5,2 m — height : 3 m","101","101"
Lock 17 Vaudemanges,Canal de l'Aisne à la Marne,"38,5 x 5,2 m — height : 2,48 m","908","908"
Lock 37,Canal des Vosges,"38,5 x 5,2 m — height : 3 m","101","101"
Lock 15 Côte-Olie,Canal des Vosges,"38,5 x 5,2 m — height : 3 m","99","99"
Lock Fankel,Mosel,170  x 12 m — height : 7 m,"120","120"
Lock Enkirch,Mosel,18  x 3.4 m — height : 7.5 m,"118","118"
Lock Tìnec nad Labem,,,"607","607"
Lock Anderlecht,Canal de Charleroi à Bruxelles,81.6 x 10.5 m — height : 3.7 m,"158","158"
Lock 17,Canal du Rhône au Rhin,"38,8 x 5,1 m — height : 2,71 m","52","52"
Lock Panheel,Kanaal Wessem-Nederweert,150 x 12.6 m,"747","747"
Lock Rodde,Dortmund-Ems Kanal,163 x 10 m — height : 3.8 m,"712","712"
Lock 69 Luxémont,Canal entre Champagne et Bourgogne,"38,5 x 5,2 m — height : 3,17 m","909","909"
Lock Gundelsheim,Neckar,110 x 12 m — height : 4.2 m@@parallel chambers,"188","188"
Lock Sint-Baafsvijve,Leie,136 x 16 m — height : 2.39 m,"155","155"
Lock St. Aldegund,Mosel,170  x 12 m — height : 7 m,"119","119"
Lock 4,Canal du Rhône au Rhin,"40,7 x 6,28 m — height : 2,61 m","51","51"
Lock Talange (large chamber),Moselle,"176 x 12 m and 40,50 x 6,00 (small chamber)","105","105"
Lock Hohenwarthe,Mittellandkanal,190 x 12.5 m@@parallel chambers,"640","640"
Lock 32 Fontenelle,Canal entre Champagne et Bourgogne,"38,5 x 5,2 m — height : 3 m","61","61"
Lock Duisburg-Meiderich,Rhein-Herne Kanal,190 x 12 m,"783","783"
Lock Sint-Baafsvijve,Leie,43.2 x 6 m — height : 2.39 m,"152","152"
Lock 29 Saint-Seine,Canal entre Champagne et Bourgogne,"38,5 x 5,2 m — height : 3,5 m","62","62"
Lock Wloclawek,,,"515","515"
Lock Selice,,,"253","253"
Lock Alsleben,Saale,103 x 13 m,"632","632"
Lock 11 Thivet,Canal entre Champagne et Bourgogne,"38,5 x 5,2 m — height : 3,35 m","65","65"
Lock Ars-sur-Moselle,Moselle,176 x 12 m — height : 4 m,"104","104"
Lock 75 Saône,Canal du Rhône au Rhin,"38,7 x 5,25 m — height : 3,1 m","42","42"
Lock 29 Riaucourt,Canal entre Champagne et Bourgogne,"38,5 x 5,2 m — height : 3,9 m","64","64"
Lock 29 Goulisse,Canal du Rhône au Rhin,"38,7 x 5,25 m — height : 1,75 m","49","49"
Lock Schipdonk,Afleidingskanaal der Leie,44.05 x 6.07 m — height : 0.61 m,"756","756"
Lock 60 Hoëricourt,Canal entre Champagne et Bourgogne,"38,5 x 5,2 m — height : 3,15 m","72","72"
Lock Büssau,Elbe-Lübeck-Kanal,80 x 12 m — height : 1.50 m,"655","655"
Lock Eefde,Kanaal Zutphen-Enschede,133 x 12 m,"815","815"
Lock 60 Dampierre,Canal du Rhône au Rhin,"38,7 x 5,25 m — height : 2,36 m","44","44"
Lock 74 Laperrière,Canal du Rhône au Rhin,"38,7 x 5,25 m — height : 2,7 m","42","42"
Lock Hofen,Neckar,110 x 12 m — height : 6.8 m@@parallel chambers,"190","190"
Lock,Vecht - link with Amsterdam-Rijnkanaal,,"845","845"
Lock 34 Vouécourt,Canal entre Champagne et Bourgogne,"38,5 x 5,2 m — height : 3,9 m","66","66"
Lock 73 La Tuilerie,Canal du Rhône au Rhin,"38,7 x 5,25 m — height : 2,6 m","42","42"
Lock Aldingen,Neckar,110 x 12 m — height : 3.6 m@@parallel chambers,"190","190"
Lock 21 Colombier-Fontaine,Canal du Rhône au Rhin,"38,7 x 5,25 m — height : 2,6 m","50","50"
Lock 41 Fourbanne,Canal du Rhône au Rhin,"38,7 x 5,25 m — height : 1,85 m","48","48"
Lock 41 Mussey,Canal entre Champagne et Bourgogne,"38,5 x 5,2 m — height : 3,4 m","73","73"
Lock Himmelstadt,Main,300 x 12 m — height : 4.3 m,"208","208"
Lock Hirschhorn,Neckar,110 x 12 m — height : 5.3 m@@parallel chambers,"185","185"
Lock Orne/Richemont (small chamber),Moselle,,"105","105"
Lock Kostolna,,,"263","263"
Lock 16 Wez,Canal de l'Aisne à la Marne,"38,5 x 5,2 m — height : 2,47 m","908","908"
Lock 30,Canal du Rhône au Rhin,"38,8 x 5,1 m — height : 2,76 m","52","52"
Lock 32 Clerval,Canal du Rhône au Rhin,"38,7 x 5,25 m — height : 2 m","49","49"
Lock 20 Wielen,,57.4 x 9.6 m,"559","559"
Lock Les Grands Malades,Meuse,200 x 25 m — height : 3.9 m,"166","166"
Lock 47 Autigny,Canal entre Champagne et Bourgogne,"38,5 x 5,2 m — height : 2,85 m","73","73"
Lock,,,"492","492"
Lock Metz-Nord (large chamber),Moselle,176 x 12 m,"105","105"
Lock Limmer,Mittellandkanal - Linden Branch,83.04 x 10 m — height : 7.85 m,"686","686"
Lock 11 Le Château,Canal entre Champagne et Bourgogne,"38,5 x 5,2 m — height : 3,8 m","63","63"
Lock Klingenberg,Main,300 x 12 m — height : 4 m,"184","184"
Lock Liepe,Finow Kanal,,"592","592"
Lock 22 Igney,Canal des Vosges,"38,5 x 5,2 m — height : 3 m","101","101"
Lock Goßmannsdorf,Main,300 x 12 m — height : 3.4 m,"210","210"
Lock Rudziniec (parallel chambers),,,"396","396"
Lock 39 Renève,Canal entre Champagne et Bourgogne,"38,5 x 5,2 m — height : 3,5 m","61","61"
Lock Kleinostheim (parallel chambers),Main,298.9 x 12 m — height : 6.8 m@@298.6 x 12 m,"182","182"
Lock Müden,Mosel,18  x 3.2 m — height : 6.5 m,"121","121"
Lock 12 Piépape,Canal entre Champagne et Bourgogne,"38,5 x 5,2 m — height : 3 m","63","63"
Lock 41 Carrières de Selles,Canal des Vosges,"38,5 x 5,2 m — height : 3,1 m","70","70"
Lock Riedenburg,Main-Donau Kanal,,"218","218"
Lock 41,Canal des Vosges,"38,5 x 5,2 m — height : 3 m","101","101"
Lock 6 Void de Girancourt,Canal des Vosges,"38,5 x 5,2 m — height : 3,03 m","71","71"
Lock 20 Val des Écoliers,Canal entre Champagne et Bourgogne,"38,5 x 5,2 m — height : 3,83 m","64","64"
Lock Wipfeld,Main,12.5 x 2.5 m — height : 4.25 m,"211","211"
Lock Hilter,Dortmund-Ems Kanal,165 x 12 m — height : 1.5 m@@165 x 10 m,"719","719"
Lock Seurre,Saône,185 x 12 m,"43","43"
Lock Goeulzin,Liaison Dunkerque-Escaut,"144,6 x 12 m two chambers","134","134"
Lock Oostende,Kanaal van Gent naar Oostende,,"150","150"
Lock Wintrich,Mosel,18  x 3.4 m — height : 7.5 m,"116","116"
Lock 26,Canal du Rhône au Rhin,"38,8 x 5,1 m — height : 2,79 m","52","52"
Lock Ooigem,Kanaal van Roeselare naar de Leie,115 x 12.5 — height : 7.45 m,"152","152"
Lock Dettelbach,Main,300 x 12 m — height : 5.5 m,"211","211"
Lock 46 Deluz,Canal du Rhône au Rhin,"38,7 x 5,25 m — height : 6,37 m (2 chambers)","47","47"
Lock Suresnes,Seine,"187 x 18 m and 176 x 17 (two chambers) — height : 3,17 m","88","88"
Locks Merelbeke,Ringvaart,180 x 18 m,"762","762"
Lock Brondolo,,,"392","392"
Lock 10 Pré-Meunier,Canal entre Champagne et Bourgogne,"38,5 x 5,2 m — height : 3,15 m","63","63"
Locks Lanaye,Canal de Lanaye/Kanaal van Ternaaien,136 x 16 m — height : 13.94 m@@55 x 7.5 m,"746","746"
Lock Keersluis,Bovenschelde,,"762","762"
Lock Dubnica,,,"263","263"
Lock Sülfeld (South),Mittellandkanal,225 x 12 m — height : 9 m,"678","678"
Lock 24 Blussans,Canal du Rhône au Rhin,"38,7 x 5,25 m — height : 2,6 m","50","50"
Lock 20 Saint-Martin,Canal de l'Aisne à la Marne,"38,5 x 5,2 m — height : 2,72 m","908","908"
Lock Dörverden (small lock),Mittelweser,85 x 12.3 m,"690","690"
Locks Holtenau - new,Nord-Ostsee-Kanal,,"657","657"
Lock Zeltingen,Mosel,170  x 12 m — height : 6 m,"117","117"
Lock Dörpen,Küstenkanal,104 x 11.9 m,"720","720"
Lock Gervans,Rhône,195 x 12 m,"30","30"
Lock Gerlachshausen,Main,300 x 12 m — height : 6.3 m,"211","211"
Lock Weurt (west chamber),Maas-Waalkanaal,262 x 16 m,"833","833"
Lock 39 Pont-du-Bois,Canal des Vosges,"38,5 x 5,2 m — height : 2,75 m","70","70"
Lock,Saar,,"108","108"
Lock Apach (large chamber),Moselle,176 x 12 m,"107","107"
Lock Oldenburg,Küstenkanal,102 x 12 m,"699","699"
Lock 68 Écriennes,Canal entre Champagne et Bourgogne,"38,5 x 5,2 m — height : 3,15 m","909","909"
Lock 17 Prairie Gérard,Canal des Vosges,"38,5 x 5,2 m — height : 3,45 m","99","99"
Lock Lengfurt,Main,300 x 12 m — height : 3.99 m,"206","206"
Lock Thieu,Canal du Centre historique,41.06 x 5.2 m — height : 6 m,"159","159"
Lock 3 Moulin Rouge,Canal entre Champagne et Bourgogne,"38,5 x 5,2 m — height : 3,67 m","65","65"
Lock Mettlach,Saar,,"110","110"
Lock 15 Carandeau,Aisne,"46 x 7,95 m — height : 1,54 m","82","82"
Lock Weurt (east chamber),Maas-Waalkanaal,262 x 16 m,"833","833"
Lock Kolin,,,"608","608"
Lock Brandìs nad Labem,,,"610","610"
Lock 37,Canal du Rhône au Rhin,"38,8 x 5,1 m — height : 2,88 m","53","53"
Lock Montmacq,Canal Seine-Nord Europe,195 x 12 m,"940","940"
Lock Krotzenburg (parallel chambers),Main,303.75 x 12 m — height : 2.74 m@@303.3 x 12 m,"179","179"
Lock 12 Nowe,,57.4 x 9.6 m,"560","560"
Lock Hilpolstein,Main-Donau Kanal,,"217","217"
Lock Petershagen,Mittelweser,214 x 12.3 m,"702","702"
Lock 36 Montmotier,Canal des Vosges,"38,5 x 5,2 m — height : 3,1 m","70","70"
Lock 11 Krostkowo,,57.4 x 9.6 m,"557","557"
Lock 59 Quatre Cheminées,Canal de la Meuse,"100 x 12 m — height : 2,73 m","165","165"
Lock 40 Rouvroy,Canal entre Champagne et Bourgogne,"38,5 x 5,2 m — height : 3,85 m","73","73"
Lock 19 Luzy,Canal entre Champagne et Bourgogne,"38,5 x 5,2 m — height : 3,04 m","64","64"
Lock Katy (small chamber),,,"398","398"
Lock Don,Canal de la Deûle,"144,6 x 12 m","144","144"
Lock 39 Lonot,Canal du Rhône au Rhin,"38,7 x 5,25 m — height : 1,7 m","48","48"
Lock Üfingen,Mittellandkanal - Salzgitter Branch,223 x 12 — height : 9 m@@parallel chambers,"679","679"
Lock 46 Corre,Canal des Vosges,"38,5 x 5,2 m — height : 2,4 m","70","70"
Lock Roztoky,,133 x 20 m@@59 x 11 m,"611","611"
Lock 50 Chevillon,Canal entre Champagne et Bourgogne,"38,5 x 5,2 m — height : 3 m","72","72"
Lock 22 Cusey,Canal entre Champagne et Bourgogne,"38,5 x 5,2 m — height : 3,5 m","62","62"
Lock 29,Canal du Rhône au Rhin,"38,8 x 5,1 m — height : 2,84 m","52","52"
Lock Graven,Kanaal Plassendale-Nieuwpoort,45 x 8 m,"150","150"
Lock 11 Kortrijk,Kanaal Bossuit-Kortrijk,38.7 x 5.18 m — height : 2.726 m,"148","148"
Lock 20 Badin,Canal entre Champagne et Bourgogne,"38,5 x 5,2 m — height : 3,5 m","62","62"
Lock Lengfurt,Main,12.5 x 2.5 m — height : 3.99 m,"206","206"
Lock Dendermonde,Dender,168 x 16 m,"734","734"
Lock Weser Upper,Mittellandkanal - South Weser Junction Canal,82 x 10 m — height : 6.3 m,"704","704"
Lock 59 Noue,Canal entre Champagne et Bourgogne,"38,5 x 5,2 m — height : 3,15 m","72","72"
Lock 71 Désert,Canal entre Champagne et Bourgogne,"38,5 x 5,2 m — height : 3,33 m","909","909"
Lock 12 Huon,Canal de l'Aisne à la Marne,"38,5 x 5,2 m — height : 2,36 m","77","77"
Lock Datteln,Wesel-Datteln Kanal,220 x 12 m — height : 7.5 m@@112 x 12 m,"755","755"
Lock 39 Gudmont,Canal entre Champagne et Bourgogne,"38,5 x 5,2 m — height : 3,5 m","66","66"
Lock Borgharen,Maas van Borgharen naar Wessem,,"746","746"
Lock 46 Bussy,Canal entre Champagne et Bourgogne,"38,5 x 5,2 m — height : 3,15 m","73","73"
Lock 5 Void de Girancourt,Canal des Vosges,"38,5 x 5,2 m — height : 3,03 m","99","99"
Lock Dolanky,,133 x 11 m@@52 x 11 m,"611","611"
Lock Lembeek,Canal de Charleroi à Bruxelles,81.6 x 10.5 m — height : 7.27 m,"158","158"
Lock Heubach,Main,12 x 2.5 m — height : 4 m,"178","178"
Lock Obernau,Main,299.5 x 12 m — height : 4.01 m,"182","182"
Lock Bolzum,Mittellandkanal - Hildesheim Branch,82 x 12 m — height : 8 m,"683","683"
Lock Dinant,Meuse,100 x 12 m — height : 2 m,"170","170"
Lock Verbindingsluis,Boudewijnkanaal,115 x 12 m — height : 0.4 m,"154","154"
Lock 5 Boran,Oise,"185 x 12 m and 125 x 12 (two chambers) — height : 1,5 m","84","84"
Lock Hessigheim,Neckar,110 x 12 m — height : 6.2 m@@parallel chambers,"191","191"
Lock Amerongen,Neder-Rijn,260 x 18 m,"837","837"
Lock Uelzen,Elbe-Seitenkanal,185 x 12 m — height : 23 m,"672","672"
Lock Westschleuse Hohensaaten,Havel-Oder-Wasserstraße,170 x 11.92 m — height : 0.9 m,"576","576"
Lock Sülfeld (North),Mittellandkanal,225 x 12 m — height : 9 m,"678","678"
Lock Zaporizhya (parallel chambers),,,"431","431"
Lock Wedtlenstedt,Mittellandkanal - Salzgitter Branch,223 x 12 — height : 9.3 m@@parallel chambers,"679","679"
Lock Dracé,Saône,"185 x 12 m — height : 2,9 m","36","36"
Lock Werries,Datteln-Hamm Kanal,102 x 11.65 m — height : 5.1 m,"775","775"
Lock 70 Frignicourt,Canal entre Champagne et Bourgogne,"38,5 x 5,2 m — height : 3,13 m","909","909"
Lock Velky Osek,,,"608","608"
Lock 9 Villegusien,Canal entre Champagne et Bourgogne,"38,5 x 5,2 m — height : 3,25 m","63","63"
Lock 11 Golbey,Canal des Vosges,"38,5 x 5,2 m — height : 3 m","99","99"
Lock Geesthacht (double lock),Elbe - Sclhleusenkanal,220 x 25 m,"674","674"
Lock 22 Chamarandes,Canal entre Champagne et Bourgogne,"38,5 x 5,2 m — height : 3,83 m","64","64"
Lock Regensburg,Donau,,"221","221"
Lock 6 Osawa Gora,,57.4 x 9.6 m,"556","556"
Lock Meppen,Dortmund-Ems Kanal,165 x 12 m — height : 7.5 m@@100 x 12 m,"717","717"
Lock Kain,Haut Escaut,124.5 x 14 m — height : 1.69 m,"137","137"
Lock 58 Saint-Dizier,Canal entre Champagne et Bourgogne,"38,5 x 5,2 m — height : 3,11 m","72","72"
Lock Custines,Moselle,"176 x 12 m — height : 3,85 m","103","103"
Lock 6 Loivre,Canal de l'Aisne à la Marne,"38,5 x 5,2 m — height : 2,62 m","77","77"
Lock Veletov,,,"607","607"
Lock Grand Carré,Canal de la Deûle,"144,6 x 12 m","142","142"
Lock 20,Canal du Rhône au Rhin,"38,8 x 5,1 m — height : 2,9 m","52","52"
Lock Leerstetten,Main-Donau Kanal,,"217","217"
Lock Rothenburg,Saale,103 x 12 m,"632","632"
Lock 39,Canal du Rhône au Rhin,"38,8 x 5,1 m — height : 3 m","53","53"
Lock 28 Pouilly,Canal entre Champagne et Bourgogne,"38,5 x 5,2 m — height : 3,5 m","62","62"
Lock Diepenbeek (smaller chamber),Albertkanaal,,"739","739"
Lock 31 Roôcourt,Canal entre Champagne et Bourgogne,"38,5 x 5,2 m — height : 3,45 m","66","66"
Lock 24,Canal du Rhône au Rhin,"38,8 x 5,1 m — height : 2,91 m","52","52"
Lock Wernsdorf,Oder-Spree Kanal,115 x 9.4 m — height : 4.51 m@@65 x 8.6 m,"603","603"
Lock 15,Canal du Rhône au Rhin,"38,8 x 5,1 m — height : 2,6 m","52","52"
Lock Rockenau,Neckar,110 x 12 m — height : 6 m@@parallel chambers,"187","187"
Lock 28 Portieux,Canal des Vosges,"38,5 x 5,2 m — height : 3 m","101","101"
Lock 2 Moulin-Chapeau,Canal entre Champagne et Bourgogne,"38,5 x 5,2 m — height : 3,67 m","63","63"
Lock Montignies-sur-Sambre,Sambre,112 x 12.5 m — height : 2.2 m,"161","161"
Lock Hérinnes,Haut Escaut/Bovenschelde,125 x 14 m — height : 1.955 m,"146","146"
Lock Tailfer,Meuse,100 x 12 m — height : 2.04 m,"169","169"
Lock Garstadt,Main,300 x 12 m — height : 4.75 m,"213","213"
Lock Schweinfurt,Main,300 x 12 m — height : 4.6 m,"213","213"
Lock 58 Routelle,Canal du Rhône au Rhin,"38,7 x 5,25 m — height : 1,4 m","46","46"
Lock 70 Belvoye,Canal du Rhône au Rhin,"38,7 x 5,25 m — height : 2,5 m","41","41"
Lock 5 Prady,,57.4 x 9.6 m,"556","556"
Lock Villey-le-Sec,Moselle,"185 x 12 m — height : 7,2 m","100","100"
Lock Governolo,,,"382","382"
Lock Passau (parallel chambers),Donau,,"227","227"
Lock 9 Rolampont,Canal entre Champagne et Bourgogne,"38,5 x 5,2 m — height : 3,59 m","65","65"
Lock 1 Venette,Oise,"185 x 12 m — height : 1,4 m","83","83"
Lock Dettelbach,Main,12.5 x 2.5 m — height : 5.5 m,"211","211"
Lock Szonowo,,57.3 x 9.5 m,"526","526"
Lock,Maximakanaal,,"848","848"
Lock 46,Canal des Vosges,"38,5 x 5,2 m — height : 3 m","101","101"
Lock 36 Hyèvre-Magny,Canal du Rhône au Rhin,"38,7 x 5,25 m — height : 0,8 m","48","48"
Lock Bialej Gorze,,57.3 x 9.5 m,"528","528"
Lock 13 Walkowice,,57.4 x 9.6 m,"560","560"
Lock Valpagliaro (large chamber),,,"387","387"
Lock 40 Cheuge,Canal entre Champagne et Bourgogne,"38,5 x 5,2 m — height : 3 m","61","61"
Lock 23 Vaxoncourt,Canal des Vosges,"38,5 x 5,2 m — height : 3 m","101","101"
Ship lock Wintam,Zeekanaal Brussel-Schelde,250 x 25 m,"771","771"
Lock 9 Naklo Zachod,,57.4 x 9.6 m,"522","522"
Lock Douai,Liaison Dunkerque-Escaut,"144,6 x 12 m and 91.60 x 12 (two chambers)","134","134"
Lock Obourg,Canal du Centre,96 x 12 m — height : 5 m,"157","157"
Lock Kochendorf,Neckar,110 x 12 m — height : 8 m@@parallel chambers,"189","189"
Lock Hensies,Canal de Pommeroeul à Condé,149 x 12.5 m — height : 4.6 m,"157","157"
Lock 13 Vereux,Saône,"38,5 x 5,2 m — height : 1,68 m","60","60"
Lock Januszkowice (small chamber),,,"401","401"
Lock 3 Montureux,Saône,"38,5 x 5,2 m — height : 2,12 m","69","69"
Lock Randersacker,Main,300 x 12 m — height : 3.3 m,"207","207"
Lock Lehnitz,Havel-Oder-Wasserstraße,134 x 12 m — height : 5.65 m@@85 x 10 m,"593","593"
Lock 11 Fontenoy,Aisne,"46 x 7,95 m — height : 1,95 m","79","79"
Lock 36 Froncles,Canal entre Champagne et Bourgogne,"38,5 x 5,2 m — height : 35 m","66","66"
Lock 7 Scey-sur-Saône,Saône,"38,5 x 5,2 m — height : 1,68 m","68","68"
Lock 6 Golbey,Canal des Vosges,"38,5 x 5,2 m — height : 3 m","99","99"
Lock 45 Vougécourt,Canal des Vosges,"38,5 x 5,2 m — height : 3,1 m","70","70"
Lock Monsin,Canal de Monsin,136 x 16 m — height : 5.7 m,"173","173"
Lock 10 Marivées,Canal du Rhône au Rhin,"38,7 x 5,25 m — height : 1,62 m","51","51"
Lock 4 Creil,Oise,"185 x 12 m and 125 x 12 (two chambers) — height : 1,45 m","81","81"
Lock Ivoz-Ramet,Meuse,135.5 x 14 m — height : 4.45 m@@55 x 7.5 m,"172","172"
Lock Beukers,Beukersgracht,,"807","807"
Lock 14 Romanowo,,57.4 x 9.6 m,"561","561"
Lock Nürnberg,Main-Donau Kanal,,"219","219"
Ooigem triple staircase locks,Kanaal van Roeselare naar de Leie,height : 7.45 m,"152","152"
Lock,Maximakanaal,,"754","754"
Lock Cuinchy,Liaison Dunkerque-Escaut,"144,6 x 12 m two chambers","143","143"
Lock 40 Bois de Selles,Canal des Vosges,"38,5 x 5,2 m — height : 3,1 m","70","70"
Lock,Dortmund-Ems Kanal,,"721","721"
Lock 7 La Briche,Canal Saint-Denis,"62,5 x 8,2 m and 38,90 x 5,20 (two chambers) — height : 4,68 m","88","88"
Lock 12 Golbey,Canal des Vosges,"38,5 x 5,2 m — height : 3 m","99","99"
Lock 7 Saint-Germain-la-Ville,Canal latéral à la Marne,"38,5 x 5,2 m — height : 2,74 m","74","74"
Lock 39,Canal des Vosges,"38,5 x 5,2 m — height : 3 m","101","101"
Lock 23 Usine de Thunimont,Canal des Vosges,"38,5 x 5,2 m — height : 3,01 m","71","71"
Lock 5 Port-sur-Saône,Saône,"38,5 x 5,2 m","68","68"
Lock 45 Rongeant,Canal entre Champagne et Bourgogne,"38,5 x 5,2 m — height : 3 m","73","73"
Lock Obertürkheim,Neckar,110 x 12 m — height : 8.35 m@@parallel chambers,"192","192"
Lock 19 Longues-Raies,Canal de l'Aisne à la Marne,"38,5 x 5,2 m — height : 2,69 m","908","908"
Lock 9 Kortrijk,Kanaal Bossuit-Kortrijk,38.70 x 5.18 m — height : 2.75 m,"148","148"
Lock 7 Jozefinki,,57.4 x 9.6 m,"522","522"
Lock 23 Coupé,Canal de l'Aisne à la Marne,"38,5 x 5,2 m — height : 2,73 m","908","908"
Lock 34 Branne,Canal du Rhône au Rhin,"38,7 x 5,25 m — height : 3,59 m","49","49"
Ooigem triple staircase locks,Kanaal van Roeselare naar de Leie,height : 7.45 m,"152","152"
Lock Valpagliaro  (small chamber),,,"387","387"
Lock 2 mol (larger chamber),Kanaal Bocholt-Herentals,55 x 7.5 m — height : 4.3 m@@,"740","740"
Lock 9 Golbey,Canal des Vosges,"38,5 x 5,2 m — height : 3 m","99","99"
Lock 13 Thiélouze,Canal des Vosges,"38,5 x 5,2 m — height : 3,03 m","71","71"
Lock 31 Pompierre,Canal du Rhône au Rhin,"38,7 x 5,25 m — height : 2,8 m","49","49"
Lock 28 Mouillerys,Canal entre Champagne et Bourgogne,"38,5 x 5,2 m — height : 3,1 m","64","64"
Lock,,,"491","491"
Lock Wallstadt,Main,12 x 2.5 m — height : 4 m,"184","184"
Lock 19 Charmoise-l'Orgueilleux,Canal des Vosges,"38,5 x 5,2 m — height : 2,7 m","71","71"
Lock 3 Sarron,Oise,"185 x 12 m and 125 x 12 (two chambers) — height : 1,4 m","81","81"
Lock Pagny-sur-Moselle,Moselle,176 x 12 m,"104","104"
Lock Born (parallel chambers),Julianakanaal,142 x 16 m — height : 11 m@@136 x 14 m,"751","751"
Ooigem triple staircase locks,Kanaal van Roeselare naar de Leie,height : 7.45 m,"152","152"
Locks Evergem,Ringvaart,136 x 16 m — height : 1.16 m,"756","756"
Lock 2 Moen,Kanaal Bossuit-Kortrijk,,"147","147"
Lock Goßmannsdorf,Main,12.5 x 25 m — height : 3.4 m,"210","210"
Lock 14 Rigny,Saône,"38,5 x 5,2 m — height : 1,86 m","60","60"
Lock Bollingerfähr,Dortmund-Ems Kanal,165 x 12 m — height : 1.8 m@@163 x 10 m,"720","720"
Locks Brunsbüttel - new,Nord-Ostsee-Kanal,,"667","667"
Lock Denderbelle,Dender,,"734","734"
Lock Landesbergen,Mittelweser,214 x 12.3 m,"701","701"
IJmuiden - middensluis,Noordzeekanaal,,"819","819"
Lock 28 Basse Jean-Melin,Canal des Vosges,"38,5 x 5,2 m — height : 3,5 m","71","71"
Lock Gaarkeuken,Van Starkenborghkanaal,190 x 16 m,"789","789"
Lock Hengelo,Kanaal Zutphen-Enschede,133 x 12 m,"793","793"
Lock 11 Étupes,Canal du Rhône au Rhin,"38,7 x 5,25 m — height : 2,12 m","51","51"
Lock 9 Courcy,Canal de l'Aisne à la Marne,"38,5 x 5,2 m — height : 2,63 m","77","77"
Lock 1 Schijndel,Zuidwillemsvaart,110 x 12.6 m,"754","754"
Lock 2 Miejska,,57.4 x 9.6 m,"556","556"
Lock Heilbronn,Neckar,110 x 12 m — height : 3.2 m@@parallel chambers,"189","189"
Lock 14 Port de Thiélouze,Canal des Vosges,"38,5 x 5,2 m — height : 3,03 m","71","71"
Lock 23 Colombier-Châtelot,Canal du Rhône au Rhin,"38,7 x 5,25 m — height : 1,35 m","50","50"
Lock 1 Trusey,Canal des Vosges,"38,5 x 5,2 m — height : 3,03 m","99","99"
Lock 5 Humes,Canal entre Champagne et Bourgogne,"38,5 x 5,2 m — height : 3,67 m","65","65"
Lock Koblenz,Mosel,122.5  x 12 m,"123","123"
Lock Randersacker,Main,12.5 x 2.5 m — height : 3.3 m,"207","207"
Lock Steti (small chamber),,,"617","617"
Lock 34,Canal des Vosges,"38,5 x 5,2 m — height : 3 m","101","101"
Lock 38 Villiers,Canal entre Champagne et Bourgogne,"38,5 x 5,2 m — height : 3,51 m","66","66"
Lock Gosselies,Canal de Charleroi à Bruxelles,87.7 x 11.5 m — height : 7 m,"161","161"
Lock Vallelepri,,,"386","386"
Lock 1 Venette,Oise,"125 x 12 m — height : 1,4 m","83","83"
Lock Niffer,Canal du Rhône au Rhin,190 x 12 m,"857","857"
Lock Gimritz (Halle),Saale,,"631","631"
Lock 28,Canal de Charleroi à Bruxelles - old line,,"162","162"
Lock 28 Appenans,Canal du Rhône au Rhin,"38,7 x 5,25 m — height : 1,5 m","49","49"
Lock 57 Osselle,Canal du Rhône au Rhin,"38,7 x 5,25 m — height : 2,8 m","46","46"
Lock 5 Golbey,Canal des Vosges,"38,5 x 5,2 m — height : 3 m","99","99"
Lock 38 Raie-aux-Chèvres,Canal du Rhône au Rhin,"38,7 x 5,25 m — height : 1,05 m","48","48"
Lock Genk (smaller chambers),Albertkanaal,,"739","739"
Lock 7 Graincourt-lès-Havrincourt,Canal du Nord,"91,6 x 6 m — height : 5,79 m","130","130"
Lock Berkenthin,Elbe-Lübeck-Kanal,80 x 12 m — height : 1.75 m,"655","655"
Lock 25 Romagne,Canal entre Champagne et Bourgogne,"38,5 x 5,2 m — height : 3,53 m","62","62"
Lock 1 Ormoy,Saône,"38,5 x 5,2 m — height : 3,3 m","69","69"
Lock Aingeray,Moselle,"185 x 12 m — height : 7,3 m","102","102"
Lock 3 Mol,Kanaal Bocholt-Herentals,55 x 7.5 m — height : 4.31 m,"740","740"
Lock 14 Pommeraye,Canal entre Champagne et Bourgogne,"38,5 x 5,2 m — height : 3,35 m","65","65"
Lock Berchem-Kerkhove,Bovenschelde,124.45 x 14.05 — height : 1.45 m,"156","156"
Lock 67 Jardin Philippe,Canal du Rhône au Rhin,"38,7 x 5,25 m — height : 1,8 m","41","41"
Lock 31 Manufacture des Bains,Canal des Vosges,"38,5 x 5,2 m — height : 3 m","71","71"
Lock Steinbach,Main,12.5 x 2.5 m — height : 5.14 m,"209","209"
Lock Moislains,Canal Seine-Nord Europe,195 x 12 m,"98","98"
Lock Lehmen,Mosel,18  x 3.2 m — height : 7.45 m,"122","122"
Lock 28,Canal du Rhône au Rhin,"38,8 x 5,1 m — height : 2,77 m","52","52"
Lock Gdanska Glowa,,88.2 x 12.5 m,"531","531"
Lock 36 Blagny,Canal entre Champagne et Bourgogne,"38,5 x 5,2 m — height : 3 m","61","61"
Lock 19 Auxonne,Saône,"40 x 8 m — height : 1,83 m","45","45"
Lock 3 Golbey,Canal des Vosges,"38,5 x 5,2 m — height : 3 m","99","99"
Lock 31 Fontaine-Française,Canal entre Champagne et Bourgogne,"38,5 x 5,2 m — height : 3 m","62","62"
Lock 25 Reclancourt,Canal entre Champagne et Bourgogne,"38,5 x 5,2 m — height : 3,1 m","64","64"
Lock 22,Canal du Rhône au Rhin,"38,8 x 5,1 m — height : 2,96 m","52","52"
Gerstheim Locks,Rhin,185 x 24 m and 185 x 12 (parallel chambers) — height : 10.98 m,"194","194"
Lock Friedrichsfeld,Wesel-Datteln Kanal,220 x 12 m — height : 7.1 m@@112 x 12 m,"786","786"
Lock 9 Chantes,Saône,"38,5 x 5,2 m — height : 2,56 m","67","67"
Lock Ittre,Canal de Charleroi à Bruxelles,90 x 12 m — height : 14 m,"162","162"
Lock 9 Châlons,Canal latéral à la Marne,"38,5 x 5,2 m — height : 2,34 m","75","75"
Lock 16 Méloménil,Canal des Vosges,"38,5 x 5,2 m — height : 3,03 m","71","71"
Lock 10 Kortrijk,Kanaal Bossuit-Kortrijk,38.7 x 5.17 m — height : 1.85 m,"148","148"
Lock 66 Orconte,Canal entre Champagne et Bourgogne,"38,5 x 5,2 m — height : 3,15 m","909","909"
Lock Oberesslingen,Neckar,110 x 12 m — height : 5.9 m@@parallel chambers,"192","192"
Lock Garstadt,Main,12.5 x 2.5 m — height : 4.75 m,"213","213"
Lock 38 Oisilly,Canal entre Champagne et Bourgogne,"38,5 x 5,2 m — height : 2,5 m","61","61"
Lock 6 Chemilly,Saône,"38,5 x 5,2 m — height : 0,7 m","68","68"
Lock 11 Château d'Eau,Canal de l'Aisne à la Marne,"38,5 x 5,2 m — height : 2,01 m","77","77"
Lock Untertürkheim (parallel chambers),Neckar,110 x 12 m — height : 3.65 m@@parallel chambers,"192","192"
Lock Lauffen,Neckar,109 x 12 m — height : 8.4 m@@parallel chambers,"186","186"
Lock 9 Arsenal,Canal Saint-Martin,"42 x 7,8 m — height : 3,1 m","88","88"
Lock Behlendorf,Elbe-Lübeck-Kanal,80 x 12 m — height : 1.65 m,"655","655"
Lock 10 Juvigny,Canal latéral à la Marne,"38,5 x 5,2 m — height : 2,72 m","75","75"
Lock 18 Uzemain,Canal des Vosges,"38,5 x 5,2 m — height : 2,9 m","71","71"
Lock Fürstenwalde,Oder-Spree Kanal,67.7 x 9.4 m — height : 0.93 m@@67.6 x 8.54 m,"566","566"
Lock Quesnoy,Canal de la Deûle,"144,6 x 12 m","145","145"
Nieuwe Dammepoortsluis,Kanaal Brugge-Sluis,,"153","153"
Lock Klodnica (parallel chambers),,,"402","402"
Lock 2 Golbey,Canal des Vosges,"38,5 x 5,2 m — height : 3 m","99","99"
Lock 16 Courcelles-lès-Montbéliard,Canal du Rhône au Rhin,"38,7 x 5,25 m — height : 1,25 m","50","50"
Lock Nymburk,,,"609","609"
Lock Courchelettes,Liaison Dunkerque-Escaut,"144,6 x 12 m and 91.60 x 12 (two chambers)","134","134"
Lock Isola Serafini,,,"377","377"
Lock 10 Gromadno,,57.4 x 9.6 m,"557","557"
Lock Noyon,Canal Seine-Nord Europe,195 x 12 m,"940","940"
Lock 33 Socourt,Canal des Vosges,"38,5 x 5,2 m — height : 3 m","101","101"
Lock 9 Allenjoie,Canal du Rhône au Rhin,"38,7 x 5,25 m — height : 2,98 m","51","51"
Lock 57 Marnaval,Canal entre Champagne et Bourgogne,"38,5 x 5,2 m — height : 3,15 m","72","72"
Lock 16 Choilley,Canal entre Champagne et Bourgogne,"38,5 x 5,2 m — height : 3,5 m","62","62"
Lock Beaulieu,Petite Seine,"121 x 10,5 m — height : 0,54 m","927","927"
Lock Prelouc,,,"605","605"
Lock Delden,Kanaal Zutphen-Enschede,133 x 12 m,"791","791"
Lock 33 Pipée,Canal des Vosges,"38,5 x 5,2 m — height : 3 m","71","71"
Lock Heubach,Main,300 x 12 m — height : 4 m,"178","178"
Lock 1 Lommel (larger chamber),Kanaal Bocholt-Herentals,55 x 7.5 m — height : 4.3 m,"740","740"
Lock 56 Thoraise,Canal du Rhône au Rhin,38.7 x .25 m — height : 3.68 m,"46","46"
Lock 44 Joinville,Canal entre Champagne et Bourgogne,"38,5 x 5,2 m — height : 3,41 m","73","73"
Lock Heidelberg,Neckar,110 x 12 m — height : 2.6 m@@parallel chambers,"185","185"
Lock 33 Licey,Canal entre Champagne et Bourgogne,"38,5 x 5,2 m — height : 3 m","61","61"
Lock 66 Charles-Quint,Canal du Rhône au Rhin,"38,7 x 5,25 m — height : 2,25 m","41","41"
Lock Dorsten,Wesel-Datteln Kanal,220 x 12 m — height : 9 m@@112 x 12 m,"781","781"
Lock Noordhornerga,Reitdiep,,"789","789"
Lock Hesselte,Dortmund-Ems Kanal,163 x 10 m — height : 3.36 m,"716","716"
Lock 16 Boichaulle,Canal entre Champagne et Bourgogne,"38,5 x 5,2 m — height : 3,35 m","65","65"
Lock (parallel chambers),,,"403","403"
Nieuwe Dammepoortsluis,Kanaal van Gent naar Oostende,48.4 x 5.75 m,"153","153"
Lock Forchheim (5.29m),Main-Donau Kanal,,"216","216"
Lock,Saar,,"109","109"
Lock 11 Charentenay,Saône,"38,5 x 5,2 m — height : 3,31 m","67","67"
Lock Herne,Rhein-Herne Kanal,190 x 12 m — height : 12.8 m@@double chamber,"779","779"
Lock 44 Demangevelle,Canal des Vosges,"38,5 x 5,2 m — height : 3,1 m","70","70"
Lock 33 Chaux-lès-Clerval,Canal du Rhône au Rhin,"38,7 x 5,25 m — height : 0,75 m","49","49"
Lock 33 Grandvaux,Canal entre Champagne et Bourgogne,"38,5 x 5,2 m — height : 3,5 m","66","66"
Lock 1 Czersko Polskie,,115 x 12 m,"525","525"
Lock Coudray,Haute-Seine,"185 x 12 m — height : 3,22 m","89","89"
Lock,,,"401","401"
Lock 2 Cendrecourt,Saône,"38,5 x 5,2 m — height : 3,75 m","69","69"
Lock 10 Golbey,Canal des Vosges,"38,5 x 5,2 m — height : 3 m","99","99"
Lock Pont-Malin,Escaut,"144,6 x 12 m","131","131"
Lock Poppenweiler,Neckar,110 x 12 m — height : 7 m@@parallel chambers,"191","191"
Lock (parallel chambers),,,"403","403"
Lock 14 Montbéliard,Canal du Rhône au Rhin,"38,7 x 5,25 m — height : 1,73 m","50","50"
Lock Havrincourt,Canal Seine-Nord Europe,195 x 12 m,"130","130"
Lock 16 Apremont,Saône,"40 x 8 m — height : 2,13 m","58","58"
Lock Strekov (parallel chambers),,,"614","614"
Lock 12 Étupes,Canal du Rhône au Rhin,"38,7 x 5,25 m — height : 4,25 m","51","51"
Lock 16,Canal des Vosges,"38,5 x 5,2 m — height : 3,2 m","99","99"
Lock Klingenberg,Main,12 x 2.5 m — height :  4 m,"184","184"
Lock Watten,Liaison Dunkerque-Escaut,"144,6 x 12 m","139","139"
Lock 2,Canal du Rhône au Rhin,"38,8 x 5,1 m — height : 2,13 m","52","52"
Lock Stajicevo,,,"310","310"
Nieuwe Dammepoortsluis,Kanaal van Gent naar Oostende,48.4 x 5.75 m,"153","153"
Lock 31 Charmes,Canal des Vosges,"38,5 x 5,2 m — height : 3 m","101","101"
Lock 18 Poncey,Saône,"40 x 8 m — height : 1,52 m","57","57"
Lock Trith,Escaut,"144,6 x 12 m","133","133"
Lock (new - 96m),Mittellandkanal - Abstiegskanal - Rothensee,,"638","638"
Lock Barricetta,,,"390","390"
Locks Tjerk Hiddessluizen,Van Harinxmakanaal,127.5 x 12 m@@40 x 7 m,"798","798"
New Lock 41,Canal du Rhône au Rhin,"38,8 x 5,1 m — height : 2,54 m","53","53"
Lock 3 Czyzkowko,,57.4 x 9.6 m,"556","556"
Lock 56 Guë,Canal entre Champagne et Bourgogne,"38,5 x 5,2 m — height : 3,15 m","72","72"
Lock 5 Gaudart,Canal de l'Aisne à la Marne,"38,5 x 5,2 m — height : 2,58 m","934","934"
Lock 44,Canal des Vosges,"38,5 x 5,2 m — height : 3 m","101","101"
Locks Talange (small chamber),Moselle,,"105","105"
Lock Dolni Berkovice (large chamber),,,"616","616"
Lock 16,Canal du Rhône au Rhin,"38,8 x 5,1 m — height : 2,75 m","52","52"
Lock 38 Ambiévillers,Canal des Vosges,"38,5 x 5,2 m — height : 3,05 m","70","70"
Locks Delfzijl (Zeesluizen),Eemskanaal entrance,144 x 16 m@@123 x 7 m,"725","725"
Lock Freudenberg,Main,12.5 x 2.5 m — height : 4.51 m,"178","178"
Lock Trier,Mosel,170  x 12 m — height : 7.25 m,"113","113"
Lock 4 Soulanges,Canal latéral à la Marne,"38,5 x 5,2 m — height : 1,55 m","74","74"
Lock Prinses Margriet,Prinses Margrietkanaal,260 x 15.9 m,"800","800"
Lock Ottendorf,Main,300 x 12 m — height : 7.6 m,"214","214"
Lock Herbrum,Dortmund-Ems Kanal,165 x 12 m@@165 x 10 m,"721","721"
Lock Ladce,,,"264","264"
Lock Havré,Canal du Centre,124 x 12.5 m — height : 10 m,"159","159"
Lock 25 Coteau-Lunans,Canal du Rhône au Rhin,"38,7 x 5,25 m — height : 2,7 m","49","49"
Lock Zwolle,Zwarte Water,142 x 14 m,"811","811"
Lock 8 Void de Girancourt,Canal des Vosges,"38,5 x 5,2 m — height : 3,03 m","71","71"
Lock La Plante,Meuse,100 x 12 m — height : 2 m,"166","166"
Lock La Grande Bosse,Petite Seine,185 x 12 m,"916","916"
Lock Trier,Mosel,18  x 3.4 m — height : 7.25 m,"113","113"
Lock Abwinden-Asten (parallel chambers),Donau,,"232","232"
Lock Ablon,Haute-Seine,"185 x 12 m — height : 1,85 m","897","897"
Lock 65 Baverans,Canal du Rhône au Rhin,"38,7 x 5,25 m — height : 1,6 m","41","41"
Lock 65 Bruyères,Canal entre Champagne et Bourgogne,"38,5 x 5,2 m — height : 3,15 m","909","909"
Lock,Vecht - link with Amsterdam-Rijnkanaal,,"821","821"
Lock Klek,,,"306","306"
Lock 12 Brennecôte,Canal des Vosges,"38,5 x 5,2 m — height : 3,03 m","71","71"
Lock Auvelais,Sambre,136 x 12.5 m — height : 2.805 m,"164","164"
Lock Neckarzimmern,Neckar,110 x 12 m — height : 5.6 m@@parallel chambers,"188","188"
Lock Henrichenburg,Dortmund-Ems Kanal,190 x 12 m — height : 4 m,"755","755"
Lock Blénod/Pont-à-Mousson,Moselle,"176 x 12 m — height : 5,7 m","103","103"
Lock 43 Douvot,Canal du Rhône au Rhin,"38,7 x 5,25 m — height : 1,35 m","48","48"
Lock Stadtschleuse Halle,Saale,,"631","631"
Lock 64 Sapignicourt,Canal entre Champagne et Bourgogne,"38,5 x 5,2 m — height : 3,15 m","909","909"
Lock Pontelagoscuro,,,"387","387"
Lock 5 Cys-la-Commune,Canal latéral à l'Aisne,"38,5 x 5,2 m — height : 2,05 m","78","78"
Lock 36,Canal du Rhône au Rhin,"38,8 x 5,1 m — height : 3,02 m","53","53"
Lock 17 Heuilley,Saône,"40 x 8 m — height : 1,98 m","59","59"
Lock Ablon,Haute-Seine,"185 x 12 m — height : 1,85 m","897","897"
Lock,Groeve,,"726","726"
Lock 1 Bossuit,Kanaal Bossuit-Kortrijk,,"731","731"
Lock Hastière,Meuse,100 x 12 m — height : 2.88 m,"170","170"
Lock Chatou,Seine,"185 x 18 m — height : 3,25 m","87","87"
Lock 38,Canal des Vosges,"38,5 x 5,2 m — height : 3 m","101","101"
Lock 55 Rancenay,Canal du Rhône au Rhin,"38,7 x 5,25 m — height : 5,1 m (2 chambers)","46","46"
Lock 33,Canal du Rhône au Rhin,"38,8 x 5,1 m — height : 2,56 m","52","52"
Lock,,,"495","495"
Lock 18 Pêcheux,Canal entre Champagne et Bourgogne,"38,5 x 5,2 m — height : 3,83 m","64","64"
Lock San Leone,,,"382","382"
Lock 31,Canal du Rhône au Rhin,"38,8 x 5,1 m — height : 2,91 m","52","52"
Lock 38,Canal du Rhône au Rhin,"38,8 x 5,1 m — height : 2,8 m","53","53"
Lock 11,Canal du Rhône au Rhin,"38,8 x 5,1 m — height : 2,79 m","52","52"
Lock 4 Okole,,57.4 x 9.6 m,"556","556"
Lock 18 Noyon,Canal du Nord,"91,6 x 6 m — height : 5,8 m","940","940"
Lock,,,"485","485"
Lock Fresnes,Escaut,"144,6 x 12 m","135","135"
Lock Eddersheim (parallel chambers),Main,345 x 15 m — height : 3.61 m@@346.2 x 12 m,"203","203"
Lock Michalowo,,57.3 x 9.5 m,"521","521"
Lock,Saar,,"108","108"
Lock 17 Foulain,Canal entre Champagne et Bourgogne,"38,5 x 5,2 m — height : 3,83 m","64","64"
Lock 8 Sarry,Canal latéral à la Marne,"38,5 x 5,2 m — height : 2,39 m","75","75"
Lock 43 Bonneval,Canal entre Champagne et Bourgogne,"38,5 x 5,2 m — height : 3,4 m","73","73"
Lock 4 Jorquenay,Canal entre Champagne et Bourgogne,"38,5 x 5,2 m — height : 3,67 m","65","65"
Lock Trencin-Skalka,,,"263","263"
Lock 15 Pré-Roche,Canal entre Champagne et Bourgogne,"38,5 x 5,2 m — height : 3,35 m","65","65"
Lock 2,Canal entre Champagne et Bourgogne,"38,5 x 5,2 m — height : 5,12 m","63","63"
Lock Jochenstein (parallel chambers),Donau,,"228","228"
Lock Augst,Rhein,110 x 11.2 m — height : 4.63 to 6.65  m,"858","858"
Lock 23 Choignes,Canal entre Champagne et Bourgogne,"38,5 x 5,2 m — height : 3,83 m","64","64"
Lock 30 Moulin de Charmes,Canal des Vosges,"38,5 x 5,2 m — height : 3 m","101","101"
Lock 6 Chaussée-sur-Marne,Canal latéral à la Marne,"38,5 x 5,2 m — height : 2,25 m","74","74"
Lock Pommeroeul,Canal de Pommeroeul à Condé,151.75 x 12.5 m — height : 13.5 m,"157","157"
Lock Haste,Mittellandkanal - Osnabrück branch,82 x 10 m — height : 4.75 m,"706","706"
Lock 2 Verberie,Oise,"185 x 12 m and 125 x 12 (two chambers) — height : 1,45 m","83","83"
Lock 54 Rancenay,Canal du Rhône au Rhin,"38,7 x 5,25 m — height : 5,1 m (2 chambers)","46","46"
lock Münster,Dortmund-Ems Kanal,190 x 12.5 m — height : 6.2 m,"715","715"
Lock 7 Chanoy,Canal entre Champagne et Bourgogne,"38,5 x 5,2 m — height : 3,67 m","65","65"
Lock 5,Canal entre Champagne et Bourgogne,"38,5 x 5,2 m — height : 5,13 m","63","63"
Lock Kyiv,,,"465","465"
Lock Deizisau,Neckar,110 x 12 m — height : 5.1 m,"192","192"
Lock 36,Canal des Vosges,"38,5 x 5,2 m — height : 3 m","101","101"
Lock 13 Golbey,Canal des Vosges,"38,5 x 5,2 m — height : 3 m","99","99"
Lock Poelsluis,De Poel,,"819","819"
Lock Neckarsteinach,Neckar,110 x 12 m — height : 4.7 m@@parallel chambers,"185","185"
Lock Feudenheim,Neckar,190 x 12 m@@110 x 12 m@@parallel chambers,"201","201"
Lock Mardyck,Liaison Dunkerque-Escaut,"144,6 x 12 m","139","139"
Lock St. Andries,St. Andrieskanaal,110 x 14 m,"848","848"
Lock Dniprodzerzhynsk,,,"437","437"
Lock,,,"377","377"
Lock Hamm,Datteln-Hamm Kanal,82 x 9.9 m — height : 1.65 m,"775","775"
Lock Krotzenburg,Main,19.65 x 4 m — height : 2.74 m,"179","179"
Acquanegra Lock,,,"377","377"
Lock Conca di Trevenzuolo,,,"383","383"
Lock 8 Rupt-sur-Saône,Saône,"38,5 x 5,2 m — height : 8,75 m","68","68"
Lock 18 Dardenay,Canal entre Champagne et Bourgogne,"38,5 x 5,2 m — height : 3,5 m","62","62"
Lock Djerdap 1,,,"321","321"
Lock 64 Audelange,Canal du Rhône au Rhin,"38,7 x 5,25 m — height : 1,75 m","44","44"
Lock 43,Canal des Vosges,"38,5 x 5,2 m — height : 3 m","101","101"
Lock Asper,Bovenschelde,125 x 14 m — height : 2.46 m,"735","735"
Lock Dietfurt,Main-Donau Kanal,,"218","218"
Lock Toul,Moselle,,"102","102"
Lock N. Mesto n.V.,,,"262","262"
Lock Charlottenburg,Oder-Spree Wasserstraße - Unterspree,115 x 12.5 m — height : 1.3,"601","601"
Lock 23 Bec,Canal entre Champagne et Bourgogne,"38,5 x 5,2 m — height : 3 m","62","62"
Lock Neckargemünd,Neckar,110 x 12 m — height : 3.9 m@@parallel chambers,"185","185"
Lock 4 Golbey,Canal des Vosges,"38,5 x 5,2 m — height : 3 m","99","99"
Lock Pleidelsheim,Neckar,110 x 12 m — height : 8 m@@parallel chambers,"191","191"
Lock Kralova,,,"253","253"
Lock Hradistko,,,"609","609"
Lock Diepenbeel,Albertkanaal,,"739","739"
Lock Pompey-Frouard,Moselle,"185 x 12 m — height : 2,7 m","102","102"
Lock 49 Malâtre,Canal du Rhône au Rhin,"38,7 x 5,25 m — height : 2,6 m","47","47"
Lock Rozanka,,,"406","406"
Lock 4 Dessel,Kanaal Bocholt-Herentals,50 x 7 m — height : 1.91 m,"740","740"
Lock 3 Berry-au-Bac,Canal latéral à l'Aisne,"38,5 x 5,2 m — height : 0,76 m","934","934"
Lock Torretta-Veneta,,,"384","384"
Lock Halle-Trotha,Saale,,"631","631"
Lock Wipfeld,Main,300 x 12 m — height : 4.25 m,"211","211"
Lock Plassendale,Kanaal Plassendale-Nieuwpoort,90 x 6.35 m,"150","150"
Lock Houx,Meuse,100 x 12 m — height : 2.01 m,"169","169"
Lock 6,Canal du Rhône au Rhin,"40,7 x 6,28 m — height : 2,46 m","51","51"
Lock 18 Bocholt,Zuidwillemsvaart,50 x 7 m — height : 1.76 m,"744","744"
Lock 35 Buxières,Canal entre Champagne et Bourgogne,"38,5 x 5,2 m — height : 3,1 m","66","66"
Lock 18 Champ Bon-Garçon,Canal de l'Aisne à la Marne,"38,5 x 5,2 m — height : 2,68 m","908","908"
Lock 53 Gouille,Canal du Rhône au Rhin,"38,7 x 5,25 m — height : 1,7 m","46","46"
Lock,Rhein - Mannheim harbour,,"201","201"
Lock Kwaadmechelen,Albertkanaal,200 x 24 m — height : 10 m@@2 small chambers 136 x 16 m,"741","741"
Lock 52 Velotte,Canal du Rhône au Rhin,"38,7 x 5,25 m — height : 1,85 m","47","47"
Lock 15 Gray,Saône,"38,5 x 5,2 m — height : 1,76 m","60","60"
Lock 1 Vitry-le-François,Canal latéral à la Marne,"38,5 x 5,2 m — height : 2,76 m","74","74"
Lock Klavary,,,"608","608"
Lock Marbach,Neckar,110 x 12 m — height : 6 m@@parallel chambers,"191","191"
Lock 52 Bayard,Canal entre Champagne et Bourgogne,"38,5 x 5,2 m — height : 3,5 m","72","72"
Lock,,,"491","491"
Lock Griesheim,Main,345.6 x 15 m — height : 4.49 m@@345.1 x 12 m,"180","180"
Lock 51 Tarragnoz,Canal du Rhône au Rhin,"38,7 x 5,25 m — height : 1,9 m","47","47"
Lock 1 Berry-au-Bac,Canal de l'Aisne à la Marne,"38,5 x 5,2 m — height : 2,85 m","934","934"
Lock Mallegatsluis,Gouda City Canals - Turfsingelgracht,,"824","824"
Lock Péronnes,Canal Nimy-Blaton-Péronnes,86 x 12 m — height : 5.6 m,"136","136"
Lock 1 Batailles,Canal entre Champagne et Bourgogne,"38,5 x 5,2 m — height : 3,71 m","63","63"
Lock 21 Foulon de la Roche,Canal entre Champagne et Bourgogne,"38,5 x 5,2 m — height : 3,83 m","64","64"
Lock Pierre-Bénite,Rhône,195 x 12 m,"33","33"
Lock 7,Canal entre Champagne et Bourgogne,"38,5 x 5,2 m — height : 5,13 m","63","63"
Lock 3,Canal entre Champagne et Bourgogne,"38,5 x 5,2 m — height : 5,13 m","63","63"
Lock Anderten,Mittellandkanal,217 x 12 m — height : 14.7 m@@parallel chambers,"685","685"
Lock Limbach,Main,300 x 12 m — height : 5.3 m,"215","215"
Lock Guttenbach,Neckar,110 x 12 m — height : 5.3 m@@parallel chambers,"188","188"
Lock 42,Canal des Vosges,"38,5 x 5,2 m — height : 3 m","101","101"
Lock 22 Krzyz,,57.4 x 9.6 m,"562","562"
Lock 35 Beaumont,Canal entre Champagne et Bourgogne,"38,5 x 5,2 m — height : 3 m","61","61"
Lock 30 Bologne,Canal entre Champagne et Bourgogne,"38,5 x 5,2 m — height : 3,55 m","66","66"
Lock 22 Saint- Maurice,Canal du Rhône au Rhin,"38,7 x 5,25 m — height : 3 m","50","50"
Lock Januszkowice (large chamber),,,"401","401"
Lock 4,Canal entre Champagne et Bourgogne,"38,5 x 5,2 m — height : 5,12 m","63","63"
Lock,Weesper Trekvaart,,"845","845"
Lock Bartoszewice,,,"406","406"
Lock 19 Usine de Thaon,Canal des Vosges,"38,5 x 5,2 m — height : 3 m","99","99"
Lock Grevenmacher,Mosel,170  x 12 m — height : 6.25 m,"111","111"
Lock Barcarin,Liaison Rhône-Fos-Marseille,195 x 12 m,"17","17"
Lock Janowice (parallel chambers),,,"406","406"
Lock 21 Fosse-Rodé,Canal de l'Aisne à la Marne,"38,5 x 5,2 m — height : 2,68 m","908","908"
Lock 6,Canal du Rhône au Rhin,"38,8 x 5,1 m — height : 2,89 m","52","52"
Lock Horin (small chamber),,73 x 11 m,"615","615"
Lock Ceske Kopisty (large chamber),,,"614","614"
Lock 37 Grand-Crucifix,Canal du Rhône au Rhin,"38,7 x 5,25 m — height : 1,25 m","48","48"
Lock Madunice,,,"250","250"
Lock 12 Vic-sur-Aisne,Aisne,"46 x 7,95 m — height : 1,13 m","80","80"
Lock 37 Gros Moulin,Canal des Vosges,"38,5 x 5,2 m — height : 3,1 m","70","70"
Lock 32 Grurupt,Canal des Vosges,"38,5 x 5,2 m — height : 3 m","71","71"
Lock Horin (large chamber),,137 x 20 m,"615","615"
Lock Pardubice,,,"605","605"
Lock Lys nad Labem,,,"610","610"
Lock Bamberg (10.94m),Main-Donau Kanal,,"216","216"
Lock Cerna za Bory,,,"606","606"
Lock,Canal de Pont-de-Vaux,"38,5 x 5 m","37","37"
Lock Viesville,Canal de Charleroi à Bruxelles,87.6 x 11.5 m — height : 7 m,"163","163"
Lock 17 Foireuse,Canal entre Champagne et Bourgogne,"38,5 x 5,2 m — height : 3,5 m","62","62"
Lock,,,"493","493"
Lock 3,Canal du Rhône au Rhin,"40,7 x 6,28 m — height : 3,24 m","51","51"
Lock Müden,Mosel,170  x 12 m — height : 6.5 m,"121","121"
Lock Koblenz,Mosel,170  x 12 m,"123","123"
Lock Bad Abbach,Donau,,"221","221"
Lock 8 Golbey,Canal des Vosges,"38,5 x 5,2 m — height : 3 m","99","99"
Lock 10 Void de Girancourt,Canal des Vosges,"38,5 x 5,2 m — height : 3,03 m","71","71"
Lock 26 Condes,Canal entre Champagne et Bourgogne,"38,5 x 5,2 m — height : 3,5 m","64","64"
Lock Zerben,Elbe-Havel-Kanal,225 x 123 m — height : 3.76-7.82 m,"644","644"
Lock 17 Voujeaucourt,Canal du Rhône au Rhin,"38,7 x 5,25 m — height : 3,23 m","50","50"
Lock 7 Pontoise,Oise,"185 x 12 m and 125 x 12 (two chambers) — height : 1,5 m","85","85"
Lock 48 Chalèze,Canal du Rhône au Rhin,"38,7 x 5,25 m — height : 3,55 m","47","47"
Lock Devinska N. Ves,,,"246","246"
Lock,Groeve,,"726","726"
Lock Stadtbredimus,Mosel,170  x 12 m — height : 3.8,"107","107"
Lock 61 Ranchot,Canal du Rhône au Rhin,"38,7 x 5,25 m — height : 1,85 m","44","44"
Lock 12 Vesaignes,Canal entre Champagne et Bourgogne,"38,5 x 5,2 m — height : 3,35 m","65","65"
Lock Viersel,Nethe Kanaal,81.6 x 10.5 m — height : 5 m,"773","773"
Lock Hünxe,Wesel-Datteln Kanal,220 x 12 m — height : 5.5 m@@112 x 12 m,"787","787"
Lock 7 Comines,Lys mitoyenne,195 x 12.5 m — height : 1.2 m,"145","145"
Lock Snellesluis,Ringvaart van de Zuidplaspolder - link to Hollandsee IJssel,,"824","824"
Lock Oostersluis,Van Starkenborghkanaal,190 x 16 m,"727","727"
Lock 8 Celles,Canal latéral à l'Aisne,"38,5 x 5,2 m — height : 5,57 m (2 chambers)","78","78"
Lock 35,Canal du Rhône au Rhin,"38,8 x 5,1 m — height : 1,2 m","52","52"
Lock Erlabrunn,Main,12.5 x 2.5 m — height : 4.15 m,"208","208"
Lock Olawa,,,"405","405"
Lock Mühlendamm,Oder-Spree Wasserstraße,140 x 12 m — height : 1.5 m,"602","602"
Lock Wroblin (small chamber),,,"399","399"
Lock Smichov,,174 x 11 m,"604","604"
Lock 6,Canal entre Champagne et Bourgogne,"38,5 x 5,2 m — height : 5,12 m","63","63"
Lock Campagne,Canal Seine-Nord Europe,195 x 12 m,"96","96"
Lock Ampsin-Neuville,Meuse,135 x 16 m — height : 16.8 m@@55 x 7.5 m,"171","171"
Lock 7,Canal du Rhône au Rhin,"40,7 x 6,28 m — height : 2,82 m","51","51"
Lock 47 Deluz,Canal du Rhône au Rhin,"38,7 x 5,25 m — height : 6,37 m (2 chambers)","47","47"
Lock Évry,Haute-Seine,"185 x 12 m two chambers — height : 1,56 m","89","89"
Lock Calbe,Saale,103 x 12 m,"634","634"
Lock 61 Hallignicourt,Canal entre Champagne et Bourgogne,"38,5 x 5,2 m — height : 3,16 m","909","909"
Lock Erlangen,Main-Donau Kanal,,"212","212"
Lock Driel,Neder-Rijn,260 x 18 m,"834","834"
Lock 19 Pont-l'Évêque,Canal du Nord,"91,6 x 6 m — height : 5,72 m","940","940"
Lock Eichel,Main,12.5 x 2.5 m — height :  4.5 m,"183","183"
Lock 12 Savoyeux,Saône,"38,5 x 5,2 m — height : 3,61 m","67","67"
Lock 10 Vauxrot,Aisne,"46 x 7,95 m — height : 1,46 m","79","79"
Lock Schwabenheim,Neckar,110 x 12 m — height : 8.7 m@@parallel chambers,"199","199"
Lock Schönwalde,Havel Kanal,85 x 12 m — height : 2 m,"597","597"
Lock Lovosice (small chamber),,,"614","614"
Lock 29 Pont du Coney,Canal des Vosges,"38,5 x 5,2 m — height : 3 m","71","71"
Lock Bussari,,,"388","388"
Lock 17 Reblangotte,Canal des Vosges,"38,5 x 5,2 m — height : 2,9 m","71","71"
Lock,Hohensaaten-Friedrichsthaler Wasserstraße,,"579","579"
Lock Thionville (small chamber),Moselle,,"106","106"
Lock 14,Canal du Rhône au Rhin,"38,8 x 5,1 m — height : 2,78 m","52","52"
Lock 10 Soing,Saône,"38,5 x 5,2 m — height : 1,03 m","67","67"
Lock 72 Abergement-la-Ronce,Canal du Rhône au Rhin,"38,7 x 5,25 m — height : 2,85 m","41","41"
Lock Ruisbroek,Canal de Charleroi à Bruxelles,81.6 x 10.5 m — height : 3.7 m,"158","158"
Lock Caderousse,Rhône,195 x 12 m,"25","25"
Lock 21,Canal du Rhône au Rhin,"38,8 x 5,1 m — height : 2,84 m","52","52"
Lock 1 Versant Saône,Canal entre Champagne et Bourgogne,"38,5 x 5,2 m — height : 5,23 m","63","63"
Lock,,,"486","486"
Lock Detzem,Mosel,170  x 12 m — height : 9 m,"115","115"
Lock 9 Void de Girancourt,Canal des Vosges,"38,5 x 5,2 m — height : 3,03 m","71","71"
Lock 9 Villeneuve-Saint-Germain,Aisne,"46 x 7,95 m — height : 1,36 m","79","79"
Lock Bruay,Escaut,"144,6 x 12 m","133","133"
Lock,,,"488","488"
Lock 4,Canal du Rhône au Rhin,"38,8 x 5,1 m — height : 2,83 m","52","52"
Lock Brzeg Dolny,,,"407","407"
Lock Erlabrunn,Main,300 x 12 m — height : 4.15 m,"208","208"
Lock Drakenburg,Mittelweser,214 x 12.3 m,"687","687"
Lock 47,Canal des Vosges,"41,3 x 5,2 m — height : 3 m","100","100"
Lock (parallel chambers),,,"396","396"
Lock 71 La Grange du Pont,Canal du Rhône au Rhin,"38,7 x 5,25 m — height : 2,85 m","41","41"
Lock Kersdorf,Oder-Spree Kanal,67.5 x 8.54 m — height : 2.38 m@@57 x 9.8 m,"567","567"
Lock Kostolec nad Labem,,,"613","613"
Lock 6 Saint-Audebert,Canal latéral à l'Aisne,"38,5 x 5,2 m — height : 2,1 m","78","78"
Lock 51 Fontaines,Canal entre Champagne et Bourgogne,"38,5 x 5,2 m — height : 2,86 m","72","72"
Lock Wijnegem,Albertkanaal,200 x 24 m — height : 5.45 m@@2 small chambers 136 x 16 m,"774","774"
Lock 20 Thaon,Canal des Vosges,"38,5 x 5,2 m — height : 3 m","99","99"
Lock 16 Weert,Zuidwillemsvaart,70 x 7.5 m,"744","744"
Lock Kostheim,Main,21.9 x 3.5 m — height : 3.03 m,"202","202"
Lock 69 Bon Repos,Canal du Rhône au Rhin,"38,7 x 5,25 m — height : 2,8 m","41","41"
Lock Kitzingen,Main,300 x 12 m — height : 3.66 m,"210","210"
Lock 15 Coteau-Jouvent,Canal du Rhône au Rhin,"38,7 x 5,25 m — height : 2,2 m","50","50"
Lock 20 Coney,Canal des Vosges,"38,5 x 5,2 m — height : 2,9 m","71","71"
Lock 3 Sapigneul,Canal de l'Aisne à la Marne,"38,5 x 5,2 m — height : 2,67 m","934","934"
Lock Gelsenkirchen,Rhein-Herne Kanal,190 x 12 m — height : 6.5 m@@double chamber,"780","780"
Lock Oisy-le-Verger,Canal Seine-Nord Europe,195 x 12 m,"132","132"
Lock Bourg-lès-Valence,Rhône,195 x 12 m,"29","29"
Lock,,,"308","308"
Lock Wijnegem (smaller chambers),Albertkanaal,,"774","774"
Lock,Canal du Havre à Tancarville,,"93","93"
Lock 50 Tarragnoz,Canal du Rhône au Rhin,"38,7 x 5,25 m — height : 2,1 m","47","47"
Lock 19 Plaine de Dampierre,Canal du Rhône au Rhin,"38,7 x 5,25 m — height : 1,5 m","50","50"
Lock Wettin,Saale,102.5 x 12 m,"631","631"
Lock 16 Pianowka,,57.4 x 9.6 m,"561","561"
Lock Kelheim,Main-Donau Kanal,,"946","946"
Lock 15 Beaumont,Canal de l'Aisne à la Marne,"38,5 x 5,2 m — height : 2,75 m","908","908"
Zemst Lock,Zeekanaal Brussel-Schelde,205 x 24.9 m — height : 8.9 m,"738","738"
Lock Grevenmacher,Mosel,18  x 3.4 m — height : 6.25 m,"111","111"
Lock 29,Canal de Charleroi à Bruxelles - old line,,"162","162"
Lock Andenne-Seilles,Meuse,200 x 25 m — height : 5.25 m,"167","167"
Lock Vives-Eaux,Haute-Seine,"185 x 12 m two chambers — height : 2,7 m","90","90"
Lock Dolni Berkovice (small chamber),,,"616","616"
Vogelgrun Locks,Rhin,"185 x 24 m and 185 x 12 (parallel chambers) — height : 11,8 m","56","56"
Lock Lehmen,Mosel,170  x 12 m — height : 7.45 m,"122","122"
Lock Roudnice nad Labem (small chamber),,,"617","617"
Lock Rothenfels,Main,12.5 x 2.5 m — height : 5.25 m,"206","206"
Lock Zacisze,,,"406","406"
Tancarville North Lock,Canal du Havre à Tancarville,"185 x 14 m — height : 7,15 m","93","93"
Lock Detzem,Mosel,18  x 3.4 m — height : 9 m,"115","115"
Lock 34 Fontenoy Amont,Canal des Vosges,"41,3 x 5,2 m — height : 3 m","71","71"
Lock 7 Zwevegem,Kanaal Bossuit-Kortrijk,115 x 12.5 m,"147","147"
Lock Rivière,Meuse,100 x 12 m — height : 2.04 m,"169","169"
Lock 34 Dampierre,Canal entre Champagne et Bourgogne,"38,5 x 5,2 m — height : 3 m","61","61"
Lock Altenwörth,Donau,,"237","237"
Lock Altenrheine,Dortmund-Ems Kanal,190 x 12 — height : 3.6 m,"709","709"
Strasbourg Locks,Rhin,185 x 24 m and 185 x 12 (parallel chambers) — height : 10.80 m,"197","197"
Lock 7 Void de Girancourt,Canal des Vosges,"38,5 x 5,2 m — height : 3,03 m","71","71"
Lock 2 Moulin de Sapigneul,Canal de l'Aisne à la Marne,"38,5 x 5,2 m — height : 2,67 m","934","934"
Lock Le Logis Neuf,Rhône,"195 x 12 m — height : 13,75 m","28","28"
Lock 10 Prées,Canal entre Champagne et Bourgogne,"38,5 x 5,2 m — height : 3,35 m","65","65"
Rhinau-Sundhouse Locks,Rhin,185 x 24 m and 185 x 12 (parallel chambers) — height : 12.30 m,"198","198"
Lock Langwedel,Mittelweser,214 x 12.3 m,"691","691"
Lock Viereth,Main,300 x 12 m — height : 6 m,"215","215"
Lock Stvanice (large chamber),,175 x 11 m,"604","604"
Lock Enkirch,Mosel,170  x 12 m — height : 7.5 m,"118","118"
Lock Eichel,Main,300 x 12 m — height : 4.5 m,"183","183"
Lock 19 Grande-Côte,Canal entre Champagne et Bourgogne,"38,5 x 5,2 m — height : 3,5 m","62","62"
Lock Eibach,Main-Donau Kanal,,"219","219"
Iffezheim Locks,Rhin / Rhein,270 x 22.90 m (parallel chambers) — height : 10.30m,"195","195"
Lock Rakowiec,,57.3 x 9.5 m,"521","521"
Lock 45 Aigremont,Canal du Rhône au Rhin,"38,7 x 5,25 m — height : 0,71 m","47","47"
Lock Kakhovka,,,"423","423"
Lock Kreekrak,Schelde-Rijnverbinding,320 x 24 m,"768","768"
Lock 45,Canal des Vosges,"38,5 x 5,2 m — height : 3 m","101","101"
Lock 19,Canal du Rhône au Rhin,"38,8 x 5,1 m — height : 2,95 m","52","52"
Lock 13 Sillery,Canal de l'Aisne à la Marne,"38,5 x 5,2 m — height : 3,49 m","77","77"
Lock Koblenz,Mosel,18  x 3.2 m,"123","123"
Lock Denain,Escaut,"144,6 x 12 m","133","133"
Lock 17 Lozen,Zuidwillemsvaart,50 x 7 m — height : 2.9 m,"744","744"
Lock 44 Laissey,Canal du Rhône au Rhin,"38,7 x 5,25 m — height : 2,36 m","48","48"
Lock 34,Canal du Rhône au Rhin,"38,8 x 5,1 m — height : 3,89 m","52","52"
Lock 13 Marnay,Canal entre Champagne et Bourgogne,"38,5 x 5,2 m — height : 3,35 m","65","65"
Lock,,,"489","489"
Lock Freudenberg,Main,300 x 12 m — height : 4.51 m,"178","178"
Gambsheim Locks,Rhin / Rhein,270 x 22.90 m (parallel chambers) — height : 10.35 m,"196","196"
Lock Ilava,,,"264","264"
Lock 2 Girancourt,Canal des Vosges,"38,5 x 5,2 m — height : 3,03 m","99","99"
Lock Coudray,Haute-Seine,"185 x 12 m — height : 3,22 m","89","89"
Lock Lauenburg,Elbe-Lübeck-Kanal,80 x 12 m — height : 4.85 m,"669","669"
Lock 9,Canal du Rhône au Rhin,"38,8 x 5,1 m — height : 2,63 m","52","52"
Lock 25 Nomexy,Canal des Vosges,"38,5 x 5,2 m — height : 3 m","101","101"
Lock 2 Ermite,Canal latéral à la Marne,"38,5 x 5,2 m — height : 3,56 m","74","74"
Lock Ahsen,Wesel-Datteln Kanal,220 x 12 m — height : 7.5 m@@112 x 12 m,"782","782"
Lock Steti (large chamber),,,"617","617"
Lock 14 L'Espérance,Canal de l'Aisne à la Marne,"38,5 x 5,2 m — height : 2,63 m","908","908"
lock Münster,Dortmund-Ems Kanal,190 x 12.5 — height : 6.2 m,"715","715"
Locks Belfeld,Maas,260 x 16 m@@142 x 16 m,"752","752"
Lock 4 Launois,Canal des Vosges,"38,5 x 5,2 m — height : 3,03 m","99","99"
Lock Wanne-Eickel LB,Rhein-Herne Kanal,190 x 12 m — height : 8.1 m,"779","779"
Lock 43 Chemin-de-fer,Canal entre Champagne et Bourgogne,"38,5 x 5,2 m — height : 3,13 m","59","59"
Lock 27A,Canal de la Marne au Rhin,"40 x 6 m — height : 3,4 m","102","102"
Lock Hemelingen,Unterweser,350 x 12.4 m,"692","692"
Lock 15 Thillots,Canal des Vosges,"38,5 x 5,2 m — height : 3,03 m","71","71"
Lock Wallstadt,Main,300 x 12 m — height : 4 m,"184","184"
Lock 5,Canal du Rhône au Rhin,"38,8 x 5,1 m — height : 2,9 m","52","52"
Lock Melz,Petite Seine,"121 x 10,5 m — height : 1,37 m","927","927"
Lock 7 Golbey,Canal des Vosges,"38,5 x 5,2 m — height : 3 m","99","99"
Lock Stadtbredimus,Mosel,18  x 3.4 m — height : 3.8 m,"107","107"
Lock 27 Papeteries,Canal du Rhône au Rhin,"38,7 x 5,25 m — height : 2,9 m","49","49"
Lock 5,Canal des Vosges - Embranchement de Nancy,"41,3 x 5,2 m — height : 2,5 m","101","101"
Lock Birsfelden,Rhein,180 x 11.4 m — height : 5.91 to 9.28 m@@187.5 x 11.4 m@@parallel chambers,"857","857"
Lock 27 Lavilleneuve,Canal entre Champagne et Bourgogne,"38,5 x 5,2 m — height : 3,5 m","62","62"
Lock St.Aldegund,Mosel,18  x 3.2 m — height : 7 m,"119","119"
Lock Kwaadmechelen (small chambers),Albertkanaal,,"741","741"
Lock Wallsee-Mitterkirchen (parallel chambers),Donau,,"233","233"
Lock 27 Fouys,Canal des Vosges,"38,5 x 5,2 m — height : 3 m","101","101"
Lock Bevergen,Dortmund-Ems Kanal,163 x 10 m — height : 8.1 m,"712","712"
Lock Thionville (large chamber),Moselle,176 x 12 m,"106","106"
Lock Port Saint-Louis-du-Rhône,Canal Maritime Saint-Louis,160 x 22 m,"17","17"
Lock Berching,Main-Donau Kanal,,"220","220"
Lock Varloh,Dortmund-Ems Kanal,165 x 12 m — height : 3.67 m@@163 x 10 m,"717","717"
lock Saint-Gilles,Canal Saint Gilles,195 x 12 m,"18","18"
Lock Terneuzen (Westsluis),Kanaal Terneuzen-Gent,290 x 40 m,"761","761"
Lock Hausen,Main-Donau Kanal,,"212","212"
Ottmarsheim Locks,Rhin,"185 x 24 m and 185 x 12 (parallel chambers) — height : 14,7 m","54","54"
Lock Port à l'Anglais,Haute-Seine,"185 x 12 m — height : 2,63 m","897","897"
Olen Lock,Albertkanaal,200 x 24 m — height : 10 m@@2 small chambers 136 x 16 m,"773","773"
Lock Varennes,Haute-Seine,"185 x 12 m — height : 2,72 m","915","915"
Locks Andrésy,Seine,"185 x 24 m and 160 x 12 (two chambers) — height : 2,84 m","87","87"
Locks Amfreville-Poses,Seine,220 x 17 m and 185 x 12 (two chambers),"943","943"
Lock 7 Fontaines,Canal de l'Aisne à la Marne,"38,5 x 5,2 m — height : 2,81 m","77","77"
Lock Folien,Escaut,"144,6 x 12 m","133","133"
Lock Floriffoux,Sambre,111.9 x 12.5 m — height : 3.9 m,"168","168"
Lock 27 Brethenay,Canal entre Champagne et Bourgogne,"38,5 x 5,2 m — height : 3,1 m","64","64"
Lock,Zuidwillemsvaart,,"746","746"
Lock 27 Basse-du-Pommier,Canal des Vosges,"38,5 x 5,2 m — height : 3,5 m","71","71"
Lock 10,Canal du Rhône au Rhin,"38,8 x 5,1 m — height : 2,71 m","52","52"
Lock,,,"494","494"
Lock Fontenoy,Moselle,"185 x 12 m — height : 4,4 m","102","102"
Lock 21 Plaine de Thaon,Canal des Vosges,"38,5 x 5,2 m — height : 3 m","101","101"
Lock 43 Basse Vaivre,Canal des Vosges,"38,5 x 5,2 m — height : 3,1 m","70","70"
Lock Maubray,Canal Nimy-Blaton-Péronnes,86 x 12 m — height : 12.5 m,"136","136"
Lock Marktbreit,Main,300 x 12 m — height : 3.31 m,"210","210"
Lock Sablons,Rhône,195 x 12 m,"31","31"
Lock Hasselt (smaller chambers),Albertkanaal,,"739","739"
Lock 3 Couvrot,Canal latéral à la Marne,"38,5 x 5,2 m — height : 1,55 m","74","74"
Lock Châteauneuf,Rhône,"195 x 12 m — height : 19,5 m","27","27"
Lock 15 Nederweert,Zuidwillemsvaart,65 x 7.5 m,"745","745"
Lock,,,"489","489"
Lock 8 Saint-Menge,Canal entre Champagne et Bourgogne,"38,5 x 5,2 m — height : 3,6 m","65","65"
Lock Maasbracht (parallel chambers),Julianakanaal,142 x 16 m — height : 13 m,"747","747"
Lock Vorstadt,Untere-Havel-Wasserstraße,218 x 17.5 m@@170 x 12 m,"595","595"
Lock Harelbeke,Leie,115 x 12.5 m — height : 2.18 m,"148","148"
Lock 54 Eurville,Canal entre Champagne et Bourgogne,"38,5 x 5,2 m — height : 3,5 m","72","72"
Lock 21 Montrepelle,Canal entre Champagne et Bourgogne,"38,5 x 5,2 m — height : 3,5 m","62","62"
Lock 37 Rochette,Canal entre Champagne et Bourgogne,"38,5 x 5,2 m — height : 3 m","61","61"
Lock 37 Provenchères,Canal entre Champagne et Bourgogne,"38,5 x 5,2 m — height : 3,5 m","66","66"
Lock 7 Celles,Canal latéral à l'Aisne,"38,5 x 5,2 m — height : 5,57 m (2 chambers)","78","78"
Klein Willebroek Lock,Zeekanaal Brussel-Schelde - link canal,61 x 7.3 m,"764","764"
Lock Podebrady,,,"609","609"
Lock Eckersmühlen,Main-Donau Kanal,,"217","217"
Lock 18 Chavelot,Canal des Vosges,"38,5 x 5,2 m — height : 3 m","99","99"
Lock Ostschleuse Hohensaaten,Havel-Oder-Wasserstraße,170 x 11.5 m — height : 1.9 m,"578","578"
Lock 18 Dampierre,Canal du Rhône au Rhin,"38,7 x 5,25 m — height : 1,5 m","50","50"
Lock 25 Colosse,Canal des Vosges,"38,5 x 5,2 m — height : 3,25 m","71","71"
Lock Orne/Richemont (large chamber),Moselle,176 x 12 m,"105","105"
Lock 13 Couloisy,Aisne,"46 x 7,95 m — height : 0,67 m","80","80"
Lock 1 Bois-l'Abbé,Canal des Vosges,"38,5 x 5,2 m — height : 3 m","99","99"
Lock Podbaba (small chamber),,73 x 11 m,"611","611"
Lock Podbaba (large chamber),,135 x 12 m,"611","611"
Lock Chroscice (small chamber),,,"399","399"
Lock Kostheim (parallel chambers),Main,342.2 x 15 m — height : 3.03 m@@339.6 x 12 m,"202","202"
Lock Plotzensee (double lock),Hohenzollernkanal,67.2 x 10 m — height : 0.75 m@@parallel chambers,"602","602"
Lock 42 Village de Selles,Canal des Vosges,"38,5 x 5,2 m — height : 3,1 m","70","70"
Lock Kleinostheim,Main,13.8 x 3.5 m — height : 6.86 m,"182","182"
Lock 42 Saint-Urbain,Canal entre Champagne et Bourgogne,"38,5 x 5,2 m — height : 3,4 m","73","73"
Lock 25,Canal du Rhône au Rhin,"38,8 x 5,1 m — height : 3,07 m","52","52"
Lock 30 Montroche,Canal des Vosges,"38,5 x 5,2 m — height : 3 m","71","71"
Lock 24 Val des Choux,Canal entre Champagne et Bourgogne,"38,5 x 5,2 m — height : 3,05 m","64","64"
Lock 35 L'Ermite,Canal du Rhône au Rhin,"38,7 x 5,25 m — height : 1,65 m","49","49"
Lock 7,Canal du Rhône au Rhin,"38,8 x 5,1 m — height : 2,95 m","52","52"
Lock 32 Viéville,Canal entre Champagne et Bourgogne,"38,5 x 5,2 m — height : 3,5 m","66","66"
Lock 35 Fontenoy-le-Château,Canal des Vosges,"38,5 x 5,2 m — height : 3 m","70","70"
Lock Flandres,Liaison Dunkerque-Escaut,"144,6 x 12 m","138","138"
Lock Port à l'Anglais,Haute-Seine,"185 x 12 m — height : 2,63 m","897","897"
Locks,Lekkanaal,225 x 18 m@@parallel chambers,"822","822"
Lock Apach (small chamber),Moselle,"18 x 3,5 m","107","107"
Lock 13 Bise l'Asaut,Canal entre Champagne et Bourgogne,"38,5 x 5,2 m — height : 3,5 m","63","63"
Lock 8 Menen,Lys mitoyenne,195 x 12.5 m — height : 1.7 m,"149","149"
Lock 13,Canal du Rhône au Rhin,"38,8 x 5,1 m — height : 2,66 m","52","52"
Lock Beauchastel,Rhône,"195 x 12 m — height : 13,65 m","28","28"
Lock 42 Maxilly,Canal entre Champagne et Bourgogne,"38,5 x 5,2 m — height : 3,1 m","59","59"
Lock 42 Ougney,Canal du Rhône au Rhin,"38,7 x 5,25 m — height : 1,25 m","48","48"
Lock Faulbach,Main,12.1 x 2.5 m — height : 4.51 m,"183","183"
Lock 5,Canal du Rhône au Rhin,"40,7 x 6,28 m — height : 1,99 m","51","51"
Lock Kleinmachnow,Teltowkanal,85 x 12 m — height : 2.7 m,"601","601"
Lock Harrbach,Main,300 x 12 m — height : 4.9 m,"208","208"
Lock 30 Lalau,Canal entre Champagne et Bourgogne,"38,5 x 5,2 m — height : 3,5 m","62","62"
Lock 14 La Croix-Rouge,Canal entre Champagne et Bourgogne,"38,5 x 5,2 m — height : 3,5 m","63","63"
Lock 26 Saint-Maurice,Canal entre Champagne et Bourgogne,"38,5 x 5,2 m — height : 3,47 m","62","62"
Lock Marktbreit,Main,12.5 x 2.5 m — height : 3.31 m,"210","210"
Lock,,,"492","492"
Lock Marcinelle,Sambre,119.38 x 12.5 m — height : 3 m,"161","161"
Lock Planena (Halle),Saale,,"630","630"
Lock Hagestein,Lek,260 x 18 m,"822","822"
Lock Horna Streda,,,"251","251"
Lock Horkheim,Neckar,110 x 12 m — height : 7.3 m@@parallel chambers,"189","189"
Lock Fankel,Mosel,18  x 3.2 m — height : 7 m,"120","120"
Lock 3 Barbonfoing,Canal des Vosges,"38,5 x 5,2 m — height : 3,03 m","99","99"
Lock 32 Plaine de Charmes,Canal des Vosges,"38,5 x 5,2 m — height : 3 m","101","101"
Lock 26 L'Isle-sur-le-Doubs,Canal du Rhône au Rhin,"38,7 x 5,25 m — height : 2,25 m","49","49"
Lock Halle,Canal de Charleroi à Bruxelles,81.6 x 10.5 m — height : 3.7 m,"158","158"
Lock Anseremme,Meuse,100 x 12 m — height : 2.23 m,"170","170"
Lift 4 Thieu,Canal du Centre historique,40.8 x 5.2 m — height : 16.93 m,"159","159"
boat_lift Niederfinow,Havel-Oder-Wasserstraße,82 x 11.9 m — height : 36 m,"592","592"
Ronquières Inclined Plane,Canal de Charleroi à Bruxelles,85.5 x 11.6 m — height : 68 m,"162","162"
80 x 12 m — height : 4.18 m,Elbe-Lübeck-Kanal,,"654","654"
Cavanella d'Adige Right Lock,,,"392","392"
Lock 35,Canal des Vosges,"38,5 x 5,2 m — height : 3 m","101","101"
Lock 15 Lipica,,57.4 x 9.6 m,"561","561"
Lock 53 Bienville,Canal entre Champagne et Bourgogne,"38,5 x 5,2 m — height : 3,5 m","72","72"
Lock 3,Canal du Rhône au Rhin,"38,8 x 5,1 m — height : 2,29 m","52","52"
Strépy-Thieu Lift,Canal du Centre,112 x 12 m — height : 73.15 m,"159","159"
Lift Lüneburg,Elbe-Seitenkanal,100 x 12 m — height : 38 m,"670","670"
80 x 12 m — height : 3.28 m,Elbe-Lübeck-Kanal,,"675","675"
Cavanella d'Adige Left Lock,,,"392","392"
IJmuiden - small lock,Noordzeekanaal,,"819","819"
former Fontinettes lift,Liaison Dunkerque-Escaut,,"138","138"
Boat lift Henrichenburg,Dortmund-Ems Kanal,90 x 12 m — height : 4 m,"755","755"
Lift Rothensee,Mittellandkanal - Elbe Branch,85.14 x 12 m — height : 16 m,"640","640"
136.9 x 12.5 m — height : 2.3 m,Sambre,,"166","166"
Canda Lock,,,"388","388"
Charlottenburg old locks,Oder-Spree Wasserstraße - Unterspree - Original line,82 x 10 m — height : 1.1 m@@65.3 x 10 m,"601","601"
Lock Beaucaire,Rhône,195 x 12 m,"22","22"
Lock 24 Harsault,Canal des Vosges,"38,5 x 5,2 m — height : 3,25 m","71","71"
Lock 63 Perthes,Canal entre Champagne et Bourgogne,"38,5 x 5,2 m — height : 3,15 m","909","909"
Lock Ceske Kopisty (small chamber),,,"614","614"
Lock 23,Canal du Rhône au Rhin,"38,8 x 5,1 m — height : 3 m","52","52"
Lock Zeltingen,Mosel,18  x 3.2 m — height : 6 m,"117","117"
Lock 4 Cendrière,Canal latéral à l'Aisne,"38,5 x 5,2 m — height : 2,55 m","78","78"
Lock 22 Thunimont,Canal des Vosges,"38,5 x 5,2 m — height : 3,01 m","71","71"
Lock Faulbach,Main,300 x 12 m — height : 4.51 m,"183","183"
Lock Srnojedy,,,"605","605"
Lock 63 Moulin Rouge,Canal du Rhône au Rhin,"38,7 x 5,25 m — height : 2,4 m","44","44"
Lock 11 Vraux,Canal latéral à la Marne,"38,5 x 5,2 m — height : 2,28 m","75","75"
Lock Mülheim-Raffelberg,Ruhr-Wasserstraße,127 x 12.8 m — height : 6.85 m,"784","784"
Lock Kozle,,,"401","401"
Lock 8 Noue-Gouzaine,Canal de l'Aisne à la Marne,"38,5 x 5,2 m — height : 2,51 m","77","77"
Lock 4 Alger,Canal de l'Aisne à la Marne,"38,5 x 5,2 m — height : 2,67 m","934","934"
Lock 8 Naklo Wschod,,57.4 x 9.6 m,"522","522"
Lock 62 Garenne,Canal entre Champagne et Bourgogne,"38,5 x 5,2 m — height : 3,15 m","909","909"
Lock Cel kovice,,,"610","610"
Lock Cannstatt,Neckar,110 x 12 m — height : 5.4 m@@parallel chambers,"190","190"
Lock 11 Void de Girancourt,Canal des Vosges,"38,5 x 5,2 m — height : 3,03 m","71","71"
Lock Djerdap 2,,,"324","324"
